/home/saishivas1996/thinkatrip-gcp/venv/lib/python3.10/site-packages/google/api_core/_python_version_support.py:255: FutureWarning: You are using a Python version (3.10.12) which Google will stop supporting in new releases of google.api_core once it reaches its end of life (2026-10-04). Please upgrade to the latest Python version, or at least Python 3.11, to continue receiving updates for google.api_core past that date.
  warnings.warn(message, FutureWarning)
2026-07-23 13:15:02,322 - ThinkatripSystem - INFO - 💾 PostgreSQL database connected and tables initialized.
2026-07-23 13:15:02,322 - ThinkatripSystem - INFO - ⏰ Travel Content System awake. Processing automated publication queue...
2026-07-23 13:15:02,358 - ThinkatripSystem - INFO - 🎨 Generating 3-Slide Carousel for Dubai...
2026-07-23 13:15:03,580 - ThinkatripSystem - INFO - ☁️ Successfully backed up DXB_BOM_cover.jpg to GCP Bucket!
2026-07-23 13:15:06,112 - ThinkatripSystem - INFO - ☁️ Successfully backed up DXB_BOM_itin.jpg to GCP Bucket!
2026-07-23 13:15:08,395 - ThinkatripSystem - INFO - ☁️ Successfully backed up DXB_BOM_highlights.jpg to GCP Bucket!
2026-07-23 13:15:09,536 - ThinkatripSystem - INFO - 🔗 Public URLs generated successfully.
2026-07-23 13:15:32,873 - ThinkatripSystem - INFO - 📝 Recorded flight TH149 into PostgreSQL lookup registry.
2026-07-23 13:15:32,874 - ThinkatripSystem - INFO - 🚀 Success! Instagram Carousel live on feed. Object ID: 17891899851591994
2026-07-23 13:15:32,874 - ThinkatripSystem - INFO - 💤 Publication execution cycle finished.
Uploading 3-Slide Carousel to Instagram... 📸
Creating Carousel Slide 1 container...
Waiting for media container 18093387452636153 to be ready...
Creating Carousel Slide 2 container...
Waiting for media container 18093387464636153 to be ready...
Creating Carousel Slide 3 container...
Waiting for media container 18093387476636153 to be ready...
Packaging Carousel...
Waiting for media container 18093387491636153 to be ready...
Publishing to Instagram Feed...
Successfully posted Carousel to Instagram Feed! ✅ Post ID: 17891899851591994
/home/saishivas1996/thinkatrip-gcp/venv/lib/python3.10/site-packages/google/api_core/_python_version_support.py:255: FutureWarning: You are using a Python version (3.10.12) which Google will stop supporting in new releases of google.api_core once it reaches its end of life (2026-10-04). Please upgrade to the latest Python version, or at least Python 3.11, to continue receiving updates for google.api_core past that date.
  warnings.warn(message, FutureWarning)
2026-07-23 18:30:02,518 - ThinkatripSystem - INFO - 💾 PostgreSQL database connected and tables initialized.
2026-07-23 18:30:02,518 - ThinkatripSystem - INFO - ⏰ Travel Content System awake. Processing automated publication queue...
2026-07-23 18:30:02,548 - ThinkatripSystem - INFO - 🎨 Generating 3-Slide Carousel for Dubai...
2026-07-23 18:30:03,456 - ThinkatripSystem - INFO - ☁️ Successfully backed up DXB_BLR_cover.jpg to GCP Bucket!
2026-07-23 18:30:05,492 - ThinkatripSystem - INFO - ☁️ Successfully backed up DXB_BLR_itin.jpg to GCP Bucket!
2026-07-23 18:30:07,048 - ThinkatripSystem - INFO - ☁️ Successfully backed up DXB_BLR_highlights.jpg to GCP Bucket!
2026-07-23 18:30:07,954 - ThinkatripSystem - INFO - 🔗 Public URLs generated successfully.
2026-07-23 18:30:45,983 - ThinkatripSystem - INFO - 📝 Recorded flight QA364 into PostgreSQL lookup registry.
2026-07-23 18:30:45,984 - ThinkatripSystem - INFO - 🚀 Success! Instagram Carousel live on feed. Object ID: 18102350522151902
2026-07-23 18:30:45,984 - ThinkatripSystem - INFO - 💤 Publication execution cycle finished.
Uploading 3-Slide Carousel to Instagram... 📸
Creating Carousel Slide 1 container...
Waiting for media container 18093425915636153 to be ready...
Creating Carousel Slide 2 container...
Waiting for media container 18093425936636153 to be ready...
Creating Carousel Slide 3 container...
Waiting for media container 18093425957636153 to be ready...
Packaging Carousel...
Waiting for media container 18093425981636153 to be ready...
Publishing to Instagram Feed...
Successfully posted Carousel to Instagram Feed! ✅ Post ID: 18102350522151902
/home/saishivas1996/thinkatrip-gcp/venv/lib/python3.10/site-packages/google/api_core/_python_version_support.py:255: FutureWarning: You are using a Python version (3.10.12) which Google will stop supporting in new releases of google.api_core once it reaches its end of life (2026-10-04). Please upgrade to the latest Python version, or at least Python 3.11, to continue receiving updates for google.api_core past that date.
  warnings.warn(message, FutureWarning)
2026-07-23 21:30:02,606 - ThinkatripSystem - INFO - 💾 PostgreSQL database connected and tables initialized.
2026-07-23 21:30:02,606 - ThinkatripSystem - INFO - ⏰ Travel Content System awake. Processing automated publication queue...
2026-07-23 21:30:02,636 - ThinkatripSystem - INFO - 🎨 Generating 3-Slide Carousel for Kathmandu...
2026-07-23 21:30:04,667 - ThinkatripSystem - INFO - ☁️ Successfully backed up KTM_COK_cover.jpg to GCP Bucket!
2026-07-23 21:30:06,917 - ThinkatripSystem - INFO - ☁️ Successfully backed up KTM_COK_itin.jpg to GCP Bucket!
2026-07-23 21:30:08,907 - ThinkatripSystem - INFO - ☁️ Successfully backed up KTM_COK_highlights.jpg to GCP Bucket!
2026-07-23 21:30:10,042 - ThinkatripSystem - INFO - 🔗 Public URLs generated successfully.
2026-07-23 21:30:49,852 - ThinkatripSystem - INFO - 📝 Recorded flight TH314 into PostgreSQL lookup registry.
2026-07-23 21:30:49,852 - ThinkatripSystem - INFO - 🚀 Success! Instagram Carousel live on feed. Object ID: 18127101658737079
2026-07-23 21:30:49,852 - ThinkatripSystem - INFO - 💤 Publication execution cycle finished.
Uploading 3-Slide Carousel to Instagram... 📸
Creating Carousel Slide 1 container...
Waiting for media container 18093442283636153 to be ready...
Creating Carousel Slide 2 container...
Waiting for media container 18093442298636153 to be ready...
Creating Carousel Slide 3 container...
Waiting for media container 18093442316636153 to be ready...
Packaging Carousel...
Waiting for media container 18093442331636153 to be ready...
Publishing to Instagram Feed...
Successfully posted Carousel to Instagram Feed! ✅ Post ID: 18127101658737079
/home/saishivas1996/thinkatrip-gcp/venv/lib/python3.10/site-packages/google/api_core/_python_version_support.py:255: FutureWarning: You are using a Python version (3.10.12) which Google will stop supporting in new releases of google.api_core once it reaches its end of life (2026-10-04). Please upgrade to the latest Python version, or at least Python 3.11, to continue receiving updates for google.api_core past that date.
  warnings.warn(message, FutureWarning)
2026-07-24 08:30:02,384 - ThinkatripSystem - INFO - 💾 PostgreSQL database connected and tables initialized.
2026-07-24 08:30:02,384 - ThinkatripSystem - INFO - ⏰ Travel Content System awake. Processing automated publication queue...
2026-07-24 08:30:02,415 - ThinkatripSystem - INFO - 🎨 Generating 3-Slide Carousel for Bangkok...
2026-07-24 08:30:03,789 - ThinkatripSystem - INFO - ☁️ Successfully backed up BKK_HYD_cover.jpg to GCP Bucket!
2026-07-24 08:30:06,105 - ThinkatripSystem - INFO - ☁️ Successfully backed up BKK_HYD_itin.jpg to GCP Bucket!
2026-07-24 08:30:08,236 - ThinkatripSystem - INFO - ☁️ Successfully backed up BKK_HYD_highlights.jpg to GCP Bucket!
2026-07-24 08:30:09,501 - ThinkatripSystem - INFO - 🔗 Public URLs generated successfully.
2026-07-24 08:30:50,695 - ThinkatripSystem - INFO - 📝 Recorded flight SI703 into PostgreSQL lookup registry.
2026-07-24 08:30:50,695 - ThinkatripSystem - INFO - 🚀 Success! Instagram Carousel live on feed. Object ID: 18109829659825936
2026-07-24 08:30:50,695 - ThinkatripSystem - INFO - 💤 Publication execution cycle finished.
Uploading 3-Slide Carousel to Instagram... 📸
Creating Carousel Slide 1 container...
Waiting for media container 18093499997636153 to be ready...
Creating Carousel Slide 2 container...
Waiting for media container 18093500021636153 to be ready...
Creating Carousel Slide 3 container...
Waiting for media container 18093500066636153 to be ready...
Packaging Carousel...
Waiting for media container 18093500090636153 to be ready...
Publishing to Instagram Feed...
Successfully posted Carousel to Instagram Feed! ✅ Post ID: 18109829659825936
/home/saishivas1996/thinkatrip-gcp/venv/lib/python3.10/site-packages/google/api_core/_python_version_support.py:255: FutureWarning: You are using a Python version (3.10.12) which Google will stop supporting in new releases of google.api_core once it reaches its end of life (2026-10-04). Please upgrade to the latest Python version, or at least Python 3.11, to continue receiving updates for google.api_core past that date.
  warnings.warn(message, FutureWarning)
2026-07-24 13:15:02,365 - ThinkatripSystem - INFO - 💾 PostgreSQL database connected and tables initialized.
2026-07-24 13:15:02,365 - ThinkatripSystem - INFO - ⏰ Travel Content System awake. Processing automated publication queue...
2026-07-24 13:15:02,398 - ThinkatripSystem - INFO - 🎨 Generating 3-Slide Carousel for Hong Kong...
2026-07-24 13:15:03,751 - ThinkatripSystem - INFO - ☁️ Successfully backed up HKG_BLR_cover.jpg to GCP Bucket!
2026-07-24 13:15:06,086 - ThinkatripSystem - INFO - ☁️ Successfully backed up HKG_BLR_itin.jpg to GCP Bucket!
2026-07-24 13:15:08,631 - ThinkatripSystem - INFO - ☁️ Successfully backed up HKG_BLR_highlights.jpg to GCP Bucket!
2026-07-24 13:15:10,338 - ThinkatripSystem - INFO - 🔗 Public URLs generated successfully.
2026-07-24 13:15:31,010 - ThinkatripSystem - INFO - 📝 Recorded flight IN409 into PostgreSQL lookup registry.
2026-07-24 13:15:31,010 - ThinkatripSystem - INFO - 🚀 Success! Instagram Carousel live on feed. Object ID: 18074484878344993
2026-07-24 13:15:31,010 - ThinkatripSystem - INFO - 💤 Publication execution cycle finished.
Uploading 3-Slide Carousel to Instagram... 📸
Creating Carousel Slide 1 container...
Waiting for media container 18093529523636153 to be ready...
Creating Carousel Slide 2 container...
Waiting for media container 18093529613636153 to be ready...
Creating Carousel Slide 3 container...
Waiting for media container 18093529634636153 to be ready...
Packaging Carousel...
Waiting for media container 18093529652636153 to be ready...
Publishing to Instagram Feed...
Successfully posted Carousel to Instagram Feed! ✅ Post ID: 18074484878344993
/home/saishivas1996/thinkatrip-gcp/venv/lib/python3.10/site-packages/google/api_core/_python_version_support.py:255: FutureWarning: You are using a Python version (3.10.12) which Google will stop supporting in new releases of google.api_core once it reaches its end of life (2026-10-04). Please upgrade to the latest Python version, or at least Python 3.11, to continue receiving updates for google.api_core past that date.
  warnings.warn(message, FutureWarning)
2026-07-24 18:30:02,680 - ThinkatripSystem - INFO - 💾 PostgreSQL database connected and tables initialized.
2026-07-24 18:30:02,680 - ThinkatripSystem - INFO - ⏰ Travel Content System awake. Processing automated publication queue...
2026-07-24 18:30:02,712 - ThinkatripSystem - INFO - 🎨 Generating 3-Slide Carousel for Manila...
2026-07-24 18:30:03,802 - ThinkatripSystem - INFO - ☁️ Successfully backed up MNL_BOM_cover.jpg to GCP Bucket!
2026-07-24 18:30:06,294 - ThinkatripSystem - INFO - ☁️ Successfully backed up MNL_BOM_itin.jpg to GCP Bucket!
2026-07-24 18:30:08,189 - ThinkatripSystem - INFO - ☁️ Successfully backed up MNL_BOM_highlights.jpg to GCP Bucket!
2026-07-24 18:30:09,203 - ThinkatripSystem - INFO - 🔗 Public URLs generated successfully.
2026-07-24 18:30:49,900 - ThinkatripSystem - INFO - 📝 Recorded flight VI133 into PostgreSQL lookup registry.
2026-07-24 18:30:49,901 - ThinkatripSystem - INFO - 🚀 Success! Instagram Carousel live on feed. Object ID: 17990826530825105
2026-07-24 18:30:49,901 - ThinkatripSystem - INFO - 💤 Publication execution cycle finished.
Uploading 3-Slide Carousel to Instagram... 📸
Creating Carousel Slide 1 container...
Waiting for media container 18093566303636153 to be ready...
Creating Carousel Slide 2 container...
Waiting for media container 18093566315636153 to be ready...
Creating Carousel Slide 3 container...
Waiting for media container 18093566351636153 to be ready...
Packaging Carousel...
Waiting for media container 18093566372636153 to be ready...
Publishing to Instagram Feed...
Successfully posted Carousel to Instagram Feed! ✅ Post ID: 17990826530825105
/home/saishivas1996/thinkatrip-gcp/venv/lib/python3.10/site-packages/google/api_core/_python_version_support.py:255: FutureWarning: You are using a Python version (3.10.12) which Google will stop supporting in new releases of google.api_core once it reaches its end of life (2026-10-04). Please upgrade to the latest Python version, or at least Python 3.11, to continue receiving updates for google.api_core past that date.
  warnings.warn(message, FutureWarning)
2026-07-24 21:30:02,421 - ThinkatripSystem - INFO - 💾 PostgreSQL database connected and tables initialized.
2026-07-24 21:30:02,421 - ThinkatripSystem - INFO - ⏰ Travel Content System awake. Processing automated publication queue...
2026-07-24 21:30:02,454 - ThinkatripSystem - INFO - 🎨 Generating 3-Slide Carousel for Manila...
2026-07-24 21:30:03,145 - ThinkatripSystem - INFO - ☁️ Successfully backed up MNL_CCU_cover.jpg to GCP Bucket!
2026-07-24 21:30:04,851 - ThinkatripSystem - INFO - ☁️ Successfully backed up MNL_CCU_itin.jpg to GCP Bucket!
2026-07-24 21:30:06,187 - ThinkatripSystem - INFO - ☁️ Successfully backed up MNL_CCU_highlights.jpg to GCP Bucket!
2026-07-24 21:30:06,903 - ThinkatripSystem - INFO - 🔗 Public URLs generated successfully.
2026-07-24 21:30:43,513 - ThinkatripSystem - INFO - 📝 Recorded flight AI905 into PostgreSQL lookup registry.
2026-07-24 21:30:43,513 - ThinkatripSystem - INFO - 🚀 Success! Instagram Carousel live on feed. Object ID: 17987863514843484
2026-07-24 21:30:43,513 - ThinkatripSystem - INFO - 💤 Publication execution cycle finished.
Uploading 3-Slide Carousel to Instagram... 📸
Creating Carousel Slide 1 container...
Waiting for media container 18093581987636153 to be ready...
Creating Carousel Slide 2 container...
Waiting for media container 18093582008636153 to be ready...
Creating Carousel Slide 3 container...
Waiting for media container 18093582023636153 to be ready...
Packaging Carousel...
Waiting for media container 18093582035636153 to be ready...
Publishing to Instagram Feed...
Successfully posted Carousel to Instagram Feed! ✅ Post ID: 17987863514843484
/home/saishivas1996/thinkatrip-gcp/venv/lib/python3.10/site-packages/google/api_core/_python_version_support.py:255: FutureWarning: You are using a Python version (3.10.12) which Google will stop supporting in new releases of google.api_core once it reaches its end of life (2026-10-04). Please upgrade to the latest Python version, or at least Python 3.11, to continue receiving updates for google.api_core past that date.
  warnings.warn(message, FutureWarning)
2026-07-25 08:30:02,880 - ThinkatripSystem - INFO - 💾 PostgreSQL database connected and tables initialized.
2026-07-25 08:30:02,880 - ThinkatripSystem - INFO - ⏰ Travel Content System awake. Processing automated publication queue...
2026-07-25 08:30:02,914 - ThinkatripSystem - INFO - 🎨 Generating 3-Slide Carousel for Istanbul...
2026-07-25 08:30:04,358 - ThinkatripSystem - INFO - ☁️ Successfully backed up IST_MAA_cover.jpg to GCP Bucket!
2026-07-25 08:30:06,577 - ThinkatripSystem - INFO - ☁️ Successfully backed up IST_MAA_itin.jpg to GCP Bucket!
2026-07-25 08:30:08,707 - ThinkatripSystem - INFO - ☁️ Successfully backed up IST_MAA_highlights.jpg to GCP Bucket!
2026-07-25 08:30:09,904 - ThinkatripSystem - INFO - 🔗 Public URLs generated successfully.
2026-07-25 08:30:29,415 - ThinkatripSystem - INFO - 📝 Recorded flight QA635 into PostgreSQL lookup registry.
2026-07-25 08:30:29,415 - ThinkatripSystem - INFO - 🚀 Success! Instagram Carousel live on feed. Object ID: 18062258180752141
2026-07-25 08:30:29,415 - ThinkatripSystem - INFO - 💤 Publication execution cycle finished.
Uploading 3-Slide Carousel to Instagram... 📸
Creating Carousel Slide 1 container...
Waiting for media container 18093646139636153 to be ready...
Creating Carousel Slide 2 container...
Waiting for media container 18093646154636153 to be ready...
Creating Carousel Slide 3 container...
Waiting for media container 18093646166636153 to be ready...
Packaging Carousel...
Waiting for media container 18093646181636153 to be ready...
Publishing to Instagram Feed...
Successfully posted Carousel to Instagram Feed! ✅ Post ID: 18062258180752141
/home/saishivas1996/thinkatrip-gcp/venv/lib/python3.10/site-packages/google/api_core/_python_version_support.py:255: FutureWarning: You are using a Python version (3.10.12) which Google will stop supporting in new releases of google.api_core once it reaches its end of life (2026-10-04). Please upgrade to the latest Python version, or at least Python 3.11, to continue receiving updates for google.api_core past that date.
  warnings.warn(message, FutureWarning)
2026-07-25 13:15:03,056 - ThinkatripSystem - INFO - 💾 PostgreSQL database connected and tables initialized.
2026-07-25 13:15:03,056 - ThinkatripSystem - INFO - ⏰ Travel Content System awake. Processing automated publication queue...
2026-07-25 13:15:03,088 - ThinkatripSystem - INFO - 🎨 Generating 3-Slide Carousel for Kuala Lumpur...
2026-07-25 13:15:04,613 - ThinkatripSystem - INFO - ☁️ Successfully backed up KUL_HYD_cover.jpg to GCP Bucket!
2026-07-25 13:15:07,112 - ThinkatripSystem - INFO - ☁️ Successfully backed up KUL_HYD_itin.jpg to GCP Bucket!
2026-07-25 13:15:09,561 - ThinkatripSystem - INFO - ☁️ Successfully backed up KUL_HYD_highlights.jpg to GCP Bucket!
2026-07-25 13:15:10,721 - ThinkatripSystem - INFO - 🔗 Public URLs generated successfully.
2026-07-25 13:15:36,854 - ThinkatripSystem - INFO - 📝 Recorded flight EM833 into PostgreSQL lookup registry.
2026-07-25 13:15:36,854 - ThinkatripSystem - INFO - 🚀 Success! Instagram Carousel live on feed. Object ID: 18127346257709923
2026-07-25 13:15:36,854 - ThinkatripSystem - INFO - 💤 Publication execution cycle finished.
Uploading 3-Slide Carousel to Instagram... 📸
Creating Carousel Slide 1 container...
Waiting for media container 18093680183636153 to be ready...
Creating Carousel Slide 2 container...
Waiting for media container 18093680213636153 to be ready...
Creating Carousel Slide 3 container...
Waiting for media container 18093680246636153 to be ready...
Packaging Carousel...
Waiting for media container 18093680258636153 to be ready...
Publishing to Instagram Feed...
Successfully posted Carousel to Instagram Feed! ✅ Post ID: 18127346257709923
/home/saishivas1996/thinkatrip-gcp/venv/lib/python3.10/site-packages/google/api_core/_python_version_support.py:255: FutureWarning: You are using a Python version (3.10.12) which Google will stop supporting in new releases of google.api_core once it reaches its end of life (2026-10-04). Please upgrade to the latest Python version, or at least Python 3.11, to continue receiving updates for google.api_core past that date.
  warnings.warn(message, FutureWarning)
2026-07-25 18:30:02,717 - ThinkatripSystem - INFO - 💾 PostgreSQL database connected and tables initialized.
2026-07-25 18:30:02,717 - ThinkatripSystem - INFO - ⏰ Travel Content System awake. Processing automated publication queue...
2026-07-25 18:30:02,747 - ThinkatripSystem - INFO - 🎨 Generating 3-Slide Carousel for Bangkok...
2026-07-25 18:30:03,672 - ThinkatripSystem - INFO - ☁️ Successfully backed up BKK_BOM_cover.jpg to GCP Bucket!
2026-07-25 18:30:05,790 - ThinkatripSystem - INFO - ☁️ Successfully backed up BKK_BOM_itin.jpg to GCP Bucket!
2026-07-25 18:30:08,320 - ThinkatripSystem - INFO - ☁️ Successfully backed up BKK_BOM_highlights.jpg to GCP Bucket!
2026-07-25 18:30:09,551 - ThinkatripSystem - INFO - 🔗 Public URLs generated successfully.
2026-07-25 18:30:49,434 - ThinkatripSystem - INFO - 📝 Recorded flight VI558 into PostgreSQL lookup registry.
2026-07-25 18:30:49,435 - ThinkatripSystem - INFO - 🚀 Success! Instagram Carousel live on feed. Object ID: 18012211367924042
2026-07-25 18:30:49,435 - ThinkatripSystem - INFO - 💤 Publication execution cycle finished.
Uploading 3-Slide Carousel to Instagram... 📸
Creating Carousel Slide 1 container...
Waiting for media container 18093721697636153 to be ready...
Creating Carousel Slide 2 container...
Waiting for media container 18093721724636153 to be ready...
Creating Carousel Slide 3 container...
Waiting for media container 18093721781636153 to be ready...
Packaging Carousel...
Waiting for media container 18093721817636153 to be ready...
Publishing to Instagram Feed...
Successfully posted Carousel to Instagram Feed! ✅ Post ID: 18012211367924042
/home/saishivas1996/thinkatrip-gcp/venv/lib/python3.10/site-packages/google/api_core/_python_version_support.py:255: FutureWarning: You are using a Python version (3.10.12) which Google will stop supporting in new releases of google.api_core once it reaches its end of life (2026-10-04). Please upgrade to the latest Python version, or at least Python 3.11, to continue receiving updates for google.api_core past that date.
  warnings.warn(message, FutureWarning)
2026-07-25 21:30:02,759 - ThinkatripSystem - INFO - 💾 PostgreSQL database connected and tables initialized.
2026-07-25 21:30:02,760 - ThinkatripSystem - INFO - ⏰ Travel Content System awake. Processing automated publication queue...
2026-07-25 21:30:02,788 - ThinkatripSystem - INFO - 🎨 Generating 3-Slide Carousel for Colombo...
2026-07-25 21:30:04,592 - ThinkatripSystem - INFO - ☁️ Successfully backed up CMB_HYD_cover.jpg to GCP Bucket!
2026-07-25 21:30:06,704 - ThinkatripSystem - INFO - ☁️ Successfully backed up CMB_HYD_itin.jpg to GCP Bucket!
2026-07-25 21:30:08,718 - ThinkatripSystem - INFO - ☁️ Successfully backed up CMB_HYD_highlights.jpg to GCP Bucket!
2026-07-25 21:30:09,971 - ThinkatripSystem - INFO - 🔗 Public URLs generated successfully.
2026-07-25 21:30:44,722 - ThinkatripSystem - INFO - 📝 Recorded flight TH715 into PostgreSQL lookup registry.
2026-07-25 21:30:44,722 - ThinkatripSystem - INFO - 🚀 Success! Instagram Carousel live on feed. Object ID: 18008506616929368
2026-07-25 21:30:44,722 - ThinkatripSystem - INFO - 💤 Publication execution cycle finished.
Uploading 3-Slide Carousel to Instagram... 📸
Creating Carousel Slide 1 container...
Waiting for media container 18093741083636153 to be ready...
Creating Carousel Slide 2 container...
Waiting for media container 18093741095636153 to be ready...
Creating Carousel Slide 3 container...
Waiting for media container 18093741110636153 to be ready...
Packaging Carousel...
Waiting for media container 18093741128636153 to be ready...
Publishing to Instagram Feed...
Successfully posted Carousel to Instagram Feed! ✅ Post ID: 18008506616929368
/home/saishivas1996/thinkatrip-gcp/venv/lib/python3.10/site-packages/google/api_core/_python_version_support.py:255: FutureWarning: You are using a Python version (3.10.12) which Google will stop supporting in new releases of google.api_core once it reaches its end of life (2026-10-04). Please upgrade to the latest Python version, or at least Python 3.11, to continue receiving updates for google.api_core past that date.
  warnings.warn(message, FutureWarning)
2026-07-26 08:30:02,074 - ThinkatripSystem - INFO - 💾 PostgreSQL database connected and tables initialized.
2026-07-26 08:30:02,074 - ThinkatripSystem - INFO - ⏰ Travel Content System awake. Processing automated publication queue...
2026-07-26 08:30:02,105 - ThinkatripSystem - INFO - 🎨 Generating 3-Slide Carousel for Dubai...
2026-07-26 08:30:03,423 - ThinkatripSystem - INFO - ☁️ Successfully backed up DXB_DEL_cover.jpg to GCP Bucket!
2026-07-26 08:30:05,699 - ThinkatripSystem - INFO - ☁️ Successfully backed up DXB_DEL_itin.jpg to GCP Bucket!
2026-07-26 08:30:07,929 - ThinkatripSystem - INFO - ☁️ Successfully backed up DXB_DEL_highlights.jpg to GCP Bucket!
2026-07-26 08:30:09,149 - ThinkatripSystem - INFO - 🔗 Public URLs generated successfully.
2026-07-26 08:30:32,266 - ThinkatripSystem - INFO - 📝 Recorded flight EM134 into PostgreSQL lookup registry.
2026-07-26 08:30:32,267 - ThinkatripSystem - INFO - 🚀 Success! Instagram Carousel live on feed. Object ID: 18098173691255312
2026-07-26 08:30:32,267 - ThinkatripSystem - INFO - 💤 Publication execution cycle finished.
Uploading 3-Slide Carousel to Instagram... 📸
Creating Carousel Slide 1 container...
Waiting for media container 18093802778636153 to be ready...
Creating Carousel Slide 2 container...
Waiting for media container 18093802790636153 to be ready...
Creating Carousel Slide 3 container...
Waiting for media container 18093802811636153 to be ready...
Packaging Carousel...
Waiting for media container 18093802865636153 to be ready...
Publishing to Instagram Feed...
Successfully posted Carousel to Instagram Feed! ✅ Post ID: 18098173691255312
/home/saishivas1996/thinkatrip-gcp/venv/lib/python3.10/site-packages/google/api_core/_python_version_support.py:255: FutureWarning: You are using a Python version (3.10.12) which Google will stop supporting in new releases of google.api_core once it reaches its end of life (2026-10-04). Please upgrade to the latest Python version, or at least Python 3.11, to continue receiving updates for google.api_core past that date.
  warnings.warn(message, FutureWarning)
2026-07-26 13:15:02,860 - ThinkatripSystem - INFO - 💾 PostgreSQL database connected and tables initialized.
2026-07-26 13:15:02,861 - ThinkatripSystem - INFO - ⏰ Travel Content System awake. Processing automated publication queue...
2026-07-26 13:15:02,890 - ThinkatripSystem - INFO - 🎨 Generating 3-Slide Carousel for Hong Kong...
2026-07-26 13:15:04,118 - ThinkatripSystem - INFO - ☁️ Successfully backed up HKG_MAA_cover.jpg to GCP Bucket!
2026-07-26 13:15:06,399 - ThinkatripSystem - INFO - ☁️ Successfully backed up HKG_MAA_itin.jpg to GCP Bucket!
2026-07-26 13:15:08,872 - ThinkatripSystem - INFO - ☁️ Successfully backed up HKG_MAA_highlights.jpg to GCP Bucket!
2026-07-26 13:15:10,095 - ThinkatripSystem - INFO - 🔗 Public URLs generated successfully.
2026-07-26 13:15:31,456 - ThinkatripSystem - INFO - 📝 Recorded flight SI371 into PostgreSQL lookup registry.
2026-07-26 13:15:31,456 - ThinkatripSystem - INFO - 🚀 Success! Instagram Carousel live on feed. Object ID: 17994755888797810
2026-07-26 13:15:31,456 - ThinkatripSystem - INFO - 💤 Publication execution cycle finished.
Uploading 3-Slide Carousel to Instagram... 📸
Creating Carousel Slide 1 container...
Waiting for media container 18093834152636153 to be ready...
Creating Carousel Slide 2 container...
Waiting for media container 18093834164636153 to be ready...
Creating Carousel Slide 3 container...
Waiting for media container 18093834182636153 to be ready...
Packaging Carousel...
Waiting for media container 18093834194636153 to be ready...
Publishing to Instagram Feed...
Successfully posted Carousel to Instagram Feed! ✅ Post ID: 17994755888797810
/home/saishivas1996/thinkatrip-gcp/venv/lib/python3.10/site-packages/google/api_core/_python_version_support.py:255: FutureWarning: You are using a Python version (3.10.12) which Google will stop supporting in new releases of google.api_core once it reaches its end of life (2026-10-04). Please upgrade to the latest Python version, or at least Python 3.11, to continue receiving updates for google.api_core past that date.
  warnings.warn(message, FutureWarning)
2026-07-26 18:30:02,181 - ThinkatripSystem - INFO - 💾 PostgreSQL database connected and tables initialized.
2026-07-26 18:30:02,181 - ThinkatripSystem - INFO - ⏰ Travel Content System awake. Processing automated publication queue...
2026-07-26 18:30:02,212 - ThinkatripSystem - INFO - 🎨 Generating 3-Slide Carousel for Abu Dhabi...
2026-07-26 18:30:03,871 - ThinkatripSystem - INFO - ☁️ Successfully backed up AUH_CCU_cover.jpg to GCP Bucket!
2026-07-26 18:30:05,956 - ThinkatripSystem - INFO - ☁️ Successfully backed up AUH_CCU_itin.jpg to GCP Bucket!
2026-07-26 18:30:08,297 - ThinkatripSystem - INFO - ☁️ Successfully backed up AUH_CCU_highlights.jpg to GCP Bucket!
2026-07-26 18:30:09,653 - ThinkatripSystem - INFO - 🔗 Public URLs generated successfully.
2026-07-26 18:30:46,566 - ThinkatripSystem - INFO - 📝 Recorded flight IN800 into PostgreSQL lookup registry.
2026-07-26 18:30:46,566 - ThinkatripSystem - INFO - 🚀 Success! Instagram Carousel live on feed. Object ID: 18114803845927170
2026-07-26 18:30:46,566 - ThinkatripSystem - INFO - 💤 Publication execution cycle finished.
Uploading 3-Slide Carousel to Instagram... 📸
Creating Carousel Slide 1 container...
Waiting for media container 18093876347636153 to be ready...
Creating Carousel Slide 2 container...
Waiting for media container 18093876404636153 to be ready...
Creating Carousel Slide 3 container...
Waiting for media container 18093876431636153 to be ready...
Packaging Carousel...
Waiting for media container 18093876485636153 to be ready...
Publishing to Instagram Feed...
Successfully posted Carousel to Instagram Feed! ✅ Post ID: 18114803845927170
/home/saishivas1996/thinkatrip-gcp/venv/lib/python3.10/site-packages/google/api_core/_python_version_support.py:255: FutureWarning: You are using a Python version (3.10.12) which Google will stop supporting in new releases of google.api_core once it reaches its end of life (2026-10-04). Please upgrade to the latest Python version, or at least Python 3.11, to continue receiving updates for google.api_core past that date.
  warnings.warn(message, FutureWarning)
2026-07-26 21:30:02,197 - ThinkatripSystem - INFO - 💾 PostgreSQL database connected and tables initialized.
2026-07-26 21:30:02,197 - ThinkatripSystem - INFO - ⏰ Travel Content System awake. Processing automated publication queue...
2026-07-26 21:30:02,228 - ThinkatripSystem - INFO - 🎨 Generating 3-Slide Carousel for Hong Kong...
2026-07-26 21:30:03,305 - ThinkatripSystem - INFO - ☁️ Successfully backed up HKG_BOM_cover.jpg to GCP Bucket!
2026-07-26 21:30:05,140 - ThinkatripSystem - INFO - ☁️ Successfully backed up HKG_BOM_itin.jpg to GCP Bucket!
2026-07-26 21:30:06,764 - ThinkatripSystem - INFO - ☁️ Successfully backed up HKG_BOM_highlights.jpg to GCP Bucket!
2026-07-26 21:30:07,738 - ThinkatripSystem - INFO - 🔗 Public URLs generated successfully.
2026-07-26 21:30:46,632 - ThinkatripSystem - INFO - 📝 Recorded flight QA582 into PostgreSQL lookup registry.
2026-07-26 21:30:46,632 - ThinkatripSystem - INFO - 🚀 Success! Instagram Carousel live on feed. Object ID: 18005032994969369
2026-07-26 21:30:46,632 - ThinkatripSystem - INFO - 💤 Publication execution cycle finished.
Uploading 3-Slide Carousel to Instagram... 📸
Creating Carousel Slide 1 container...
Waiting for media container 18093892634636153 to be ready...
Creating Carousel Slide 2 container...
Waiting for media container 18093892655636153 to be ready...
Creating Carousel Slide 3 container...
Waiting for media container 18093892679636153 to be ready...
Packaging Carousel...
Waiting for media container 18093892742636153 to be ready...
Publishing to Instagram Feed...
Successfully posted Carousel to Instagram Feed! ✅ Post ID: 18005032994969369
/home/saishivas1996/thinkatrip-gcp/venv/lib/python3.10/site-packages/google/api_core/_python_version_support.py:255: FutureWarning: You are using a Python version (3.10.12) which Google will stop supporting in new releases of google.api_core once it reaches its end of life (2026-10-04). Please upgrade to the latest Python version, or at least Python 3.11, to continue receiving updates for google.api_core past that date.
  warnings.warn(message, FutureWarning)
2026-07-27 08:30:03,031 - ThinkatripSystem - INFO - 💾 PostgreSQL database connected and tables initialized.
2026-07-27 08:30:03,031 - ThinkatripSystem - INFO - ⏰ Travel Content System awake. Processing automated publication queue...
2026-07-27 08:30:03,064 - ThinkatripSystem - INFO - 🎨 Generating 3-Slide Carousel for Istanbul...
2026-07-27 08:30:04,812 - ThinkatripSystem - INFO - ☁️ Successfully backed up IST_MAA_cover.jpg to GCP Bucket!
2026-07-27 08:30:07,042 - ThinkatripSystem - INFO - ☁️ Successfully backed up IST_MAA_itin.jpg to GCP Bucket!
2026-07-27 08:30:09,261 - ThinkatripSystem - INFO - ☁️ Successfully backed up IST_MAA_highlights.jpg to GCP Bucket!
2026-07-27 08:30:10,352 - ThinkatripSystem - INFO - 🔗 Public URLs generated successfully.
2026-07-27 08:30:47,597 - ThinkatripSystem - INFO - 📝 Recorded flight SI676 into PostgreSQL lookup registry.
2026-07-27 08:30:47,598 - ThinkatripSystem - INFO - 🚀 Success! Instagram Carousel live on feed. Object ID: 18015288551714529
2026-07-27 08:30:47,598 - ThinkatripSystem - INFO - 💤 Publication execution cycle finished.
Uploading 3-Slide Carousel to Instagram... 📸
Creating Carousel Slide 1 container...
Waiting for media container 18093947540636153 to be ready...
Creating Carousel Slide 2 container...
Waiting for media container 18093947552636153 to be ready...
Creating Carousel Slide 3 container...
Waiting for media container 18093947570636153 to be ready...
Packaging Carousel...
Waiting for media container 18093947591636153 to be ready...
Publishing to Instagram Feed...
Successfully posted Carousel to Instagram Feed! ✅ Post ID: 18015288551714529
/home/saishivas1996/thinkatrip-gcp/venv/lib/python3.10/site-packages/google/api_core/_python_version_support.py:255: FutureWarning: You are using a Python version (3.10.12) which Google will stop supporting in new releases of google.api_core once it reaches its end of life (2026-10-04). Please upgrade to the latest Python version, or at least Python 3.11, to continue receiving updates for google.api_core past that date.
  warnings.warn(message, FutureWarning)
2026-07-27 13:15:02,473 - ThinkatripSystem - INFO - 💾 PostgreSQL database connected and tables initialized.
2026-07-27 13:15:02,473 - ThinkatripSystem - INFO - ⏰ Travel Content System awake. Processing automated publication queue...
2026-07-27 13:15:02,512 - ThinkatripSystem - INFO - 🎨 Generating 3-Slide Carousel for Doha...
2026-07-27 13:15:03,767 - ThinkatripSystem - INFO - ☁️ Successfully backed up DOH_COK_cover.jpg to GCP Bucket!
2026-07-27 13:15:05,790 - ThinkatripSystem - INFO - ☁️ Successfully backed up DOH_COK_itin.jpg to GCP Bucket!
2026-07-27 13:15:08,201 - ThinkatripSystem - INFO - ☁️ Successfully backed up DOH_COK_highlights.jpg to GCP Bucket!
2026-07-27 13:15:09,446 - ThinkatripSystem - INFO - 🔗 Public URLs generated successfully.
2026-07-27 13:15:31,669 - ThinkatripSystem - INFO - 📝 Recorded flight EM747 into PostgreSQL lookup registry.
2026-07-27 13:15:31,669 - ThinkatripSystem - INFO - 🚀 Success! Instagram Carousel live on feed. Object ID: 17899034178481678
2026-07-27 13:15:31,670 - ThinkatripSystem - INFO - 💤 Publication execution cycle finished.
Uploading 3-Slide Carousel to Instagram... 📸
Creating Carousel Slide 1 container...
Waiting for media container 18093975293636153 to be ready...
Creating Carousel Slide 2 container...
Waiting for media container 18093975305636153 to be ready...
Creating Carousel Slide 3 container...
Waiting for media container 18093975323636153 to be ready...
Packaging Carousel...
Waiting for media container 18093975338636153 to be ready...
Publishing to Instagram Feed...
Successfully posted Carousel to Instagram Feed! ✅ Post ID: 17899034178481678
/home/saishivas1996/thinkatrip-gcp/venv/lib/python3.10/site-packages/google/api_core/_python_version_support.py:255: FutureWarning: You are using a Python version (3.10.12) which Google will stop supporting in new releases of google.api_core once it reaches its end of life (2026-10-04). Please upgrade to the latest Python version, or at least Python 3.11, to continue receiving updates for google.api_core past that date.
  warnings.warn(message, FutureWarning)
2026-07-27 18:30:02,407 - ThinkatripSystem - INFO - 💾 PostgreSQL database connected and tables initialized.
2026-07-27 18:30:02,407 - ThinkatripSystem - INFO - ⏰ Travel Content System awake. Processing automated publication queue...
2026-07-27 18:30:02,439 - ThinkatripSystem - INFO - 🎨 Generating 3-Slide Carousel for Istanbul...
2026-07-27 18:30:03,674 - ThinkatripSystem - INFO - ☁️ Successfully backed up IST_DEL_cover.jpg to GCP Bucket!
2026-07-27 18:30:05,938 - ThinkatripSystem - INFO - ☁️ Successfully backed up IST_DEL_itin.jpg to GCP Bucket!
2026-07-27 18:30:07,948 - ThinkatripSystem - INFO - ☁️ Successfully backed up IST_DEL_highlights.jpg to GCP Bucket!
2026-07-27 18:30:08,816 - ThinkatripSystem - INFO - 🔗 Public URLs generated successfully.
2026-07-27 18:30:55,672 - ThinkatripSystem - INFO - 📝 Recorded flight AI114 into PostgreSQL lookup registry.
2026-07-27 18:30:55,672 - ThinkatripSystem - INFO - 🚀 Success! Instagram Carousel live on feed. Object ID: 17865087111649760
2026-07-27 18:30:55,672 - ThinkatripSystem - INFO - 💤 Publication execution cycle finished.
Uploading 3-Slide Carousel to Instagram... 📸
Creating Carousel Slide 1 container...
Waiting for media container 18094016363636153 to be ready...
Creating Carousel Slide 2 container...
Waiting for media container 18094016378636153 to be ready...
Creating Carousel Slide 3 container...
Waiting for media container 18094016399636153 to be ready...
Packaging Carousel...
Waiting for media container 18094016414636153 to be ready...
Publishing to Instagram Feed...
Successfully posted Carousel to Instagram Feed! ✅ Post ID: 17865087111649760
/home/saishivas1996/thinkatrip-gcp/venv/lib/python3.10/site-packages/google/api_core/_python_version_support.py:255: FutureWarning: You are using a Python version (3.10.12) which Google will stop supporting in new releases of google.api_core once it reaches its end of life (2026-10-04). Please upgrade to the latest Python version, or at least Python 3.11, to continue receiving updates for google.api_core past that date.
  warnings.warn(message, FutureWarning)
2026-07-27 21:30:02,311 - ThinkatripSystem - INFO - 💾 PostgreSQL database connected and tables initialized.
2026-07-27 21:30:02,312 - ThinkatripSystem - INFO - ⏰ Travel Content System awake. Processing automated publication queue...
2026-07-27 21:30:02,349 - ThinkatripSystem - INFO - 🎨 Generating 3-Slide Carousel for London...
2026-07-27 21:30:04,600 - ThinkatripSystem - INFO - ☁️ Successfully backed up LON_GOI_cover.jpg to GCP Bucket!
2026-07-27 21:30:06,660 - ThinkatripSystem - INFO - ☁️ Successfully backed up LON_GOI_itin.jpg to GCP Bucket!
2026-07-27 21:30:09,894 - ThinkatripSystem - INFO - ☁️ Successfully backed up LON_GOI_highlights.jpg to GCP Bucket!
2026-07-27 21:30:10,978 - ThinkatripSystem - INFO - 🔗 Public URLs generated successfully.
2026-07-27 21:30:34,580 - ThinkatripSystem - INFO - 📝 Recorded flight EM972 into PostgreSQL lookup registry.
2026-07-27 21:30:34,580 - ThinkatripSystem - INFO - 🚀 Success! Instagram Carousel live on feed. Object ID: 17886979368670327
2026-07-27 21:30:34,580 - ThinkatripSystem - INFO - 💤 Publication execution cycle finished.
Uploading 3-Slide Carousel to Instagram... 📸
Creating Carousel Slide 1 container...
Waiting for media container 18094030043636153 to be ready...
Creating Carousel Slide 2 container...
Waiting for media container 18094030112636153 to be ready...
Creating Carousel Slide 3 container...
Waiting for media container 18094030154636153 to be ready...
Packaging Carousel...
Waiting for media container 18094030202636153 to be ready...
Publishing to Instagram Feed...
Successfully posted Carousel to Instagram Feed! ✅ Post ID: 17886979368670327
/home/saishivas1996/thinkatrip-gcp/venv/lib/python3.10/site-packages/google/api_core/_python_version_support.py:255: FutureWarning: You are using a Python version (3.10.12) which Google will stop supporting in new releases of google.api_core once it reaches its end of life (2026-10-04). Please upgrade to the latest Python version, or at least Python 3.11, to continue receiving updates for google.api_core past that date.
  warnings.warn(message, FutureWarning)
2026-07-28 08:30:03,059 - ThinkatripSystem - INFO - 💾 PostgreSQL database connected and tables initialized.
2026-07-28 08:30:03,059 - ThinkatripSystem - INFO - ⏰ Travel Content System awake. Processing automated publication queue...
2026-07-28 08:30:03,095 - ThinkatripSystem - INFO - 🎨 Generating 3-Slide Carousel for Bali...
2026-07-28 08:30:04,401 - ThinkatripSystem - INFO - ☁️ Successfully backed up DPS_HYD_cover.jpg to GCP Bucket!
2026-07-28 08:30:07,460 - ThinkatripSystem - INFO - ☁️ Successfully backed up DPS_HYD_itin.jpg to GCP Bucket!
2026-07-28 08:30:09,825 - ThinkatripSystem - INFO - ☁️ Successfully backed up DPS_HYD_highlights.jpg to GCP Bucket!
2026-07-28 08:30:10,920 - ThinkatripSystem - INFO - 🔗 Public URLs generated successfully.
2026-07-28 08:30:32,532 - ThinkatripSystem - INFO - 📝 Recorded flight IN593 into PostgreSQL lookup registry.
2026-07-28 08:30:32,533 - ThinkatripSystem - INFO - 🚀 Success! Instagram Carousel live on feed. Object ID: 18073870709373368
2026-07-28 08:30:32,533 - ThinkatripSystem - INFO - 💤 Publication execution cycle finished.
Uploading 3-Slide Carousel to Instagram... 📸
Creating Carousel Slide 1 container...
Waiting for media container 18094085057636153 to be ready...
Creating Carousel Slide 2 container...
Waiting for media container 18094085072636153 to be ready...
Creating Carousel Slide 3 container...
Waiting for media container 18094085087636153 to be ready...
Packaging Carousel...
Waiting for media container 18094085102636153 to be ready...
Publishing to Instagram Feed...
Successfully posted Carousel to Instagram Feed! ✅ Post ID: 18073870709373368
/home/saishivas1996/thinkatrip-gcp/venv/lib/python3.10/site-packages/google/api_core/_python_version_support.py:255: FutureWarning: You are using a Python version (3.10.12) which Google will stop supporting in new releases of google.api_core once it reaches its end of life (2026-10-04). Please upgrade to the latest Python version, or at least Python 3.11, to continue receiving updates for google.api_core past that date.
  warnings.warn(message, FutureWarning)
2026-07-28 13:15:02,401 - ThinkatripSystem - INFO - 💾 PostgreSQL database connected and tables initialized.
2026-07-28 13:15:02,402 - ThinkatripSystem - INFO - ⏰ Travel Content System awake. Processing automated publication queue...
2026-07-28 13:15:02,440 - ThinkatripSystem - INFO - 🎨 Generating 3-Slide Carousel for Bhairahawa / Lumbini...
2026-07-28 13:15:05,298 - ThinkatripSystem - INFO - ☁️ Successfully backed up BWA_BLR_cover.jpg to GCP Bucket!
2026-07-28 13:15:08,119 - ThinkatripSystem - INFO - ☁️ Successfully backed up BWA_BLR_itin.jpg to GCP Bucket!
2026-07-28 13:15:11,885 - ThinkatripSystem - INFO - ☁️ Successfully backed up BWA_BLR_highlights.jpg to GCP Bucket!
2026-07-28 13:15:13,172 - ThinkatripSystem - INFO - 🔗 Public URLs generated successfully.
2026-07-28 13:15:39,593 - ThinkatripSystem - INFO - 📝 Recorded flight EM195 into PostgreSQL lookup registry.
2026-07-28 13:15:39,593 - ThinkatripSystem - INFO - 🚀 Success! Instagram Carousel live on feed. Object ID: 17899851249516336
2026-07-28 13:15:39,593 - ThinkatripSystem - INFO - 💤 Publication execution cycle finished.
Uploading 3-Slide Carousel to Instagram... 📸
Creating Carousel Slide 1 container...
Waiting for media container 18094112741636153 to be ready...
Creating Carousel Slide 2 container...
Waiting for media container 18094112762636153 to be ready...
Creating Carousel Slide 3 container...
Waiting for media container 18094112780636153 to be ready...
Packaging Carousel...
Waiting for media container 18094112804636153 to be ready...
Publishing to Instagram Feed...
Successfully posted Carousel to Instagram Feed! ✅ Post ID: 17899851249516336
/home/saishivas1996/thinkatrip-gcp/venv/lib/python3.10/site-packages/google/api_core/_python_version_support.py:255: FutureWarning: You are using a Python version (3.10.12) which Google will stop supporting in new releases of google.api_core once it reaches its end of life (2026-10-04). Please upgrade to the latest Python version, or at least Python 3.11, to continue receiving updates for google.api_core past that date.
  warnings.warn(message, FutureWarning)
2026-07-28 18:30:02,454 - ThinkatripSystem - INFO - 💾 PostgreSQL database connected and tables initialized.
2026-07-28 18:30:02,455 - ThinkatripSystem - INFO - ⏰ Travel Content System awake. Processing automated publication queue...
2026-07-28 18:30:02,490 - ThinkatripSystem - INFO - 🎨 Generating 3-Slide Carousel for Paris...
2026-07-28 18:30:03,993 - ThinkatripSystem - INFO - ☁️ Successfully backed up PAR_BOM_cover.jpg to GCP Bucket!
2026-07-28 18:30:06,450 - ThinkatripSystem - INFO - ☁️ Successfully backed up PAR_BOM_itin.jpg to GCP Bucket!
2026-07-28 18:30:08,799 - ThinkatripSystem - INFO - ☁️ Successfully backed up PAR_BOM_highlights.jpg to GCP Bucket!
2026-07-28 18:30:09,987 - ThinkatripSystem - INFO - 🔗 Public URLs generated successfully.
2026-07-28 18:30:48,605 - ThinkatripSystem - INFO - 📝 Recorded flight TH194 into PostgreSQL lookup registry.
2026-07-28 18:30:48,605 - ThinkatripSystem - INFO - 🚀 Success! Instagram Carousel live on feed. Object ID: 18086800799372240
2026-07-28 18:30:48,606 - ThinkatripSystem - INFO - 💤 Publication execution cycle finished.
Uploading 3-Slide Carousel to Instagram... 📸
Creating Carousel Slide 1 container...
Waiting for media container 18094152410636153 to be ready...
Creating Carousel Slide 2 container...
Waiting for media container 18094152431636153 to be ready...
Creating Carousel Slide 3 container...
Waiting for media container 18094152455636153 to be ready...
Packaging Carousel...
Waiting for media container 18094152476636153 to be ready...
Publishing to Instagram Feed...
Successfully posted Carousel to Instagram Feed! ✅ Post ID: 18086800799372240
/home/saishivas1996/thinkatrip-gcp/venv/lib/python3.10/site-packages/google/api_core/_python_version_support.py:255: FutureWarning: You are using a Python version (3.10.12) which Google will stop supporting in new releases of google.api_core once it reaches its end of life (2026-10-04). Please upgrade to the latest Python version, or at least Python 3.11, to continue receiving updates for google.api_core past that date.
  warnings.warn(message, FutureWarning)
2026-07-28 21:30:02,158 - ThinkatripSystem - INFO - 💾 PostgreSQL database connected and tables initialized.
2026-07-28 21:30:02,159 - ThinkatripSystem - INFO - ⏰ Travel Content System awake. Processing automated publication queue...
2026-07-28 21:30:02,185 - ThinkatripSystem - INFO - 🎨 Generating 3-Slide Carousel for Singapore...
2026-07-28 21:30:03,382 - ThinkatripSystem - INFO - ☁️ Successfully backed up SIN_BOM_cover.jpg to GCP Bucket!
2026-07-28 21:30:05,809 - ThinkatripSystem - INFO - ☁️ Successfully backed up SIN_BOM_itin.jpg to GCP Bucket!
2026-07-28 21:30:08,369 - ThinkatripSystem - INFO - ☁️ Successfully backed up SIN_BOM_highlights.jpg to GCP Bucket!
2026-07-28 21:30:09,578 - ThinkatripSystem - INFO - 🔗 Public URLs generated successfully.
2026-07-28 21:30:53,109 - ThinkatripSystem - INFO - 📝 Recorded flight AI771 into PostgreSQL lookup registry.
2026-07-28 21:30:53,110 - ThinkatripSystem - INFO - 🚀 Success! Instagram Carousel live on feed. Object ID: 18055209899789548
2026-07-28 21:30:53,110 - ThinkatripSystem - INFO - 💤 Publication execution cycle finished.
Uploading 3-Slide Carousel to Instagram... 📸
Creating Carousel Slide 1 container...
Waiting for media container 18094168568636153 to be ready...
Creating Carousel Slide 2 container...
Waiting for media container 18094168673636153 to be ready...
Creating Carousel Slide 3 container...
Waiting for media container 18094168688636153 to be ready...
Packaging Carousel...
Waiting for media container 18094168703636153 to be ready...
Publishing to Instagram Feed...
Successfully posted Carousel to Instagram Feed! ✅ Post ID: 18055209899789548
/home/saishivas1996/thinkatrip-gcp/venv/lib/python3.10/site-packages/google/api_core/_python_version_support.py:255: FutureWarning: You are using a Python version (3.10.12) which Google will stop supporting in new releases of google.api_core once it reaches its end of life (2026-10-04). Please upgrade to the latest Python version, or at least Python 3.11, to continue receiving updates for google.api_core past that date.
  warnings.warn(message, FutureWarning)
2026-07-29 08:30:02,617 - ThinkatripSystem - INFO - 💾 PostgreSQL database connected and tables initialized.
2026-07-29 08:30:02,618 - ThinkatripSystem - INFO - ⏰ Travel Content System awake. Processing automated publication queue...
2026-07-29 08:30:02,645 - ThinkatripSystem - INFO - 🎨 Generating 3-Slide Carousel for Dubai...
2026-07-29 08:30:04,168 - ThinkatripSystem - INFO - ☁️ Successfully backed up DXB_BLR_cover.jpg to GCP Bucket!
2026-07-29 08:30:06,654 - ThinkatripSystem - INFO - ☁️ Successfully backed up DXB_BLR_itin.jpg to GCP Bucket!
2026-07-29 08:30:08,864 - ThinkatripSystem - INFO - ☁️ Successfully backed up DXB_BLR_highlights.jpg to GCP Bucket!
2026-07-29 08:30:10,013 - ThinkatripSystem - INFO - 🔗 Public URLs generated successfully.
2026-07-29 08:30:33,034 - ThinkatripSystem - INFO - 📝 Recorded flight AI595 into PostgreSQL lookup registry.
2026-07-29 08:30:33,034 - ThinkatripSystem - INFO - 🚀 Success! Instagram Carousel live on feed. Object ID: 17918912514200326
2026-07-29 08:30:33,034 - ThinkatripSystem - INFO - 💤 Publication execution cycle finished.
Uploading 3-Slide Carousel to Instagram... 📸
Creating Carousel Slide 1 container...
Waiting for media container 18094223660636153 to be ready...
Creating Carousel Slide 2 container...
Waiting for media container 18094223678636153 to be ready...
Creating Carousel Slide 3 container...
Waiting for media container 18094223705636153 to be ready...
Packaging Carousel...
Waiting for media container 18094223720636153 to be ready...
Publishing to Instagram Feed...
Successfully posted Carousel to Instagram Feed! ✅ Post ID: 17918912514200326
/home/saishivas1996/thinkatrip-gcp/venv/lib/python3.10/site-packages/google/api_core/_python_version_support.py:255: FutureWarning: You are using a Python version (3.10.12) which Google will stop supporting in new releases of google.api_core once it reaches its end of life (2026-10-04). Please upgrade to the latest Python version, or at least Python 3.11, to continue receiving updates for google.api_core past that date.
  warnings.warn(message, FutureWarning)
2026-07-29 13:15:02,784 - ThinkatripSystem - INFO - 💾 PostgreSQL database connected and tables initialized.
2026-07-29 13:15:02,784 - ThinkatripSystem - INFO - ⏰ Travel Content System awake. Processing automated publication queue...
2026-07-29 13:15:02,818 - ThinkatripSystem - INFO - 🎨 Generating 3-Slide Carousel for Paris...
2026-07-29 13:15:03,635 - ThinkatripSystem - INFO - ☁️ Successfully backed up PAR_GOI_cover.jpg to GCP Bucket!
2026-07-29 13:15:05,387 - ThinkatripSystem - INFO - ☁️ Successfully backed up PAR_GOI_itin.jpg to GCP Bucket!
2026-07-29 13:15:06,923 - ThinkatripSystem - INFO - ☁️ Successfully backed up PAR_GOI_highlights.jpg to GCP Bucket!
2026-07-29 13:15:07,891 - ThinkatripSystem - INFO - 🔗 Public URLs generated successfully.
2026-07-29 13:15:32,123 - ThinkatripSystem - INFO - 📝 Recorded flight AI174 into PostgreSQL lookup registry.
2026-07-29 13:15:32,123 - ThinkatripSystem - INFO - 🚀 Success! Instagram Carousel live on feed. Object ID: 18107499817923503
2026-07-29 13:15:32,123 - ThinkatripSystem - INFO - 💤 Publication execution cycle finished.
Uploading 3-Slide Carousel to Instagram... 📸
Creating Carousel Slide 1 container...
Waiting for media container 18094254038636153 to be ready...
Creating Carousel Slide 2 container...
Waiting for media container 18094254059636153 to be ready...
Creating Carousel Slide 3 container...
Waiting for media container 18094254074636153 to be ready...
Packaging Carousel...
Waiting for media container 18094254098636153 to be ready...
Publishing to Instagram Feed...
Successfully posted Carousel to Instagram Feed! ✅ Post ID: 18107499817923503
/home/saishivas1996/thinkatrip-gcp/venv/lib/python3.10/site-packages/google/api_core/_python_version_support.py:255: FutureWarning: You are using a Python version (3.10.12) which Google will stop supporting in new releases of google.api_core once it reaches its end of life (2026-10-04). Please upgrade to the latest Python version, or at least Python 3.11, to continue receiving updates for google.api_core past that date.
  warnings.warn(message, FutureWarning)
2026-07-29 18:30:02,823 - ThinkatripSystem - INFO - 💾 PostgreSQL database connected and tables initialized.
2026-07-29 18:30:02,823 - ThinkatripSystem - INFO - ⏰ Travel Content System awake. Processing automated publication queue...
2026-07-29 18:30:02,855 - ThinkatripSystem - INFO - 🎨 Generating 3-Slide Carousel for Hong Kong...
2026-07-29 18:30:04,211 - ThinkatripSystem - INFO - ☁️ Successfully backed up HKG_BLR_cover.jpg to GCP Bucket!
2026-07-29 18:30:06,658 - ThinkatripSystem - INFO - ☁️ Successfully backed up HKG_BLR_itin.jpg to GCP Bucket!
2026-07-29 18:30:09,026 - ThinkatripSystem - INFO - ☁️ Successfully backed up HKG_BLR_highlights.jpg to GCP Bucket!
2026-07-29 18:30:10,333 - ThinkatripSystem - INFO - 🔗 Public URLs generated successfully.
2026-07-29 18:30:19,801 - ThinkatripSystem - ERROR - ❌ A critical error occurred in the workflow: Failed to create slide 1. Response: {'error': {'message': 'Only photo or video can be accepted as media type.', 'type': 'OAuthException', 'code': 9004, 'error_subcode': 2207052, 'is_transient': False, 'error_user_title': "Media download has failed. The media URI doesn't meet our requirements.", 'error_user_msg': 'The media could not be fetched from this URI: https://i.ibb.co/s9zGvHmq/HKG-BLR-cover.jpg.Please check the limitations section in our development document for more information: https://developers.facebook.com/docs/instagram-platform/instagram-graph-api/reference/ig-user/media#creating', 'fbtrace_id': 'ARkKn2ZP9d5xv6O8bjx7k2n'}}
Uploading 3-Slide Carousel to Instagram... 📸
Creating Carousel Slide 1 container...
❌ Instagram API Error: Failed to create slide 1. Response: {'error': {'message': 'Only photo or video can be accepted as media type.', 'type': 'OAuthException', 'code': 9004, 'error_subcode': 2207052, 'is_transient': False, 'error_user_title': "Media download has failed. The media URI doesn't meet our requirements.", 'error_user_msg': 'The media could not be fetched from this URI: https://i.ibb.co/s9zGvHmq/HKG-BLR-cover.jpg.Please check the limitations section in our development document for more information: https://developers.facebook.com/docs/instagram-platform/instagram-graph-api/reference/ig-user/media#creating', 'fbtrace_id': 'ARkKn2ZP9d5xv6O8bjx7k2n'}}
Traceback (most recent call last):
  File "/home/saishivas1996/thinkatrip-gcp/agent_main.py", line 583, in <module>
    asyncio.run(main())
  File "/usr/lib/python3.10/asyncio/runners.py", line 44, in run
    return loop.run_until_complete(main)
  File "/usr/lib/python3.10/asyncio/base_events.py", line 649, in run_until_complete
    return future.result()
  File "/home/saishivas1996/thinkatrip-gcp/agent_main.py", line 580, in main
    await execute_daily_agent_run()
  File "/home/saishivas1996/thinkatrip-gcp/agent_main.py", line 573, in execute_daily_agent_run
    raise e
  File "/home/saishivas1996/thinkatrip-gcp/agent_main.py", line 569, in execute_daily_agent_run
    result_message = generate_and_post_to_instagram(deal_json_string)
  File "/home/saishivas1996/thinkatrip-gcp/agent_main.py", line 557, in generate_and_post_to_instagram
    post_id = poster.post_carousel(deal=deal, itinerary=itinerary, image_urls=[deal_url, itin_url, highlights_url])
  File "/home/saishivas1996/thinkatrip-gcp/agent_main.py", line 526, in post_carousel
    raise e
  File "/home/saishivas1996/thinkatrip-gcp/agent_main.py", line 501, in post_carousel
    if not container_id: raise Exception(f"Failed to create slide {i+1}. Response: {res}")
Exception: Failed to create slide 1. Response: {'error': {'message': 'Only photo or video can be accepted as media type.', 'type': 'OAuthException', 'code': 9004, 'error_subcode': 2207052, 'is_transient': False, 'error_user_title': "Media download has failed. The media URI doesn't meet our requirements.", 'error_user_msg': 'The media could not be fetched from this URI: https://i.ibb.co/s9zGvHmq/HKG-BLR-cover.jpg.Please check the limitations section in our development document for more information: https://developers.facebook.com/docs/instagram-platform/instagram-graph-api/reference/ig-user/media#creating', 'fbtrace_id': 'ARkKn2ZP9d5xv6O8bjx7k2n'}}
/home/saishivas1996/thinkatrip-gcp/venv/lib/python3.10/site-packages/google/api_core/_python_version_support.py:255: FutureWarning: You are using a Python version (3.10.12) which Google will stop supporting in new releases of google.api_core once it reaches its end of life (2026-10-04). Please upgrade to the latest Python version, or at least Python 3.11, to continue receiving updates for google.api_core past that date.
  warnings.warn(message, FutureWarning)
2026-07-29 21:30:02,228 - ThinkatripSystem - INFO - 💾 PostgreSQL database connected and tables initialized.
2026-07-29 21:30:02,228 - ThinkatripSystem - INFO - ⏰ Travel Content System awake. Processing automated publication queue...
2026-07-29 21:30:02,249 - ThinkatripSystem - INFO - 🎨 Generating 3-Slide Carousel for Colombo...
2026-07-29 21:30:03,819 - ThinkatripSystem - INFO - ☁️ Successfully backed up CMB_MAA_cover.jpg to GCP Bucket!
2026-07-29 21:30:05,929 - ThinkatripSystem - INFO - ☁️ Successfully backed up CMB_MAA_itin.jpg to GCP Bucket!
2026-07-29 21:30:07,859 - ThinkatripSystem - INFO - ☁️ Successfully backed up CMB_MAA_highlights.jpg to GCP Bucket!
2026-07-29 21:30:08,979 - ThinkatripSystem - INFO - 🔗 Public URLs generated successfully.
2026-07-29 21:30:51,571 - ThinkatripSystem - INFO - 📝 Recorded flight SI446 into PostgreSQL lookup registry.
2026-07-29 21:30:51,572 - ThinkatripSystem - INFO - 🚀 Success! Instagram Carousel live on feed. Object ID: 17901058815500680
2026-07-29 21:30:51,572 - ThinkatripSystem - INFO - 💤 Publication execution cycle finished.
Uploading 3-Slide Carousel to Instagram... 📸
Creating Carousel Slide 1 container...
Waiting for media container 18094311923636153 to be ready...
Creating Carousel Slide 2 container...
Waiting for media container 18094311944636153 to be ready...
Creating Carousel Slide 3 container...
Waiting for media container 18094311956636153 to be ready...
Packaging Carousel...
Waiting for media container 18094311980636153 to be ready...
Publishing to Instagram Feed...
Successfully posted Carousel to Instagram Feed! ✅ Post ID: 17901058815500680
/home/saishivas1996/thinkatrip-gcp/venv/lib/python3.10/site-packages/google/api_core/_python_version_support.py:255: FutureWarning: You are using a Python version (3.10.12) which Google will stop supporting in new releases of google.api_core once it reaches its end of life (2026-10-04). Please upgrade to the latest Python version, or at least Python 3.11, to continue receiving updates for google.api_core past that date.
  warnings.warn(message, FutureWarning)
2026-07-30 08:30:02,016 - ThinkatripSystem - INFO - 💾 PostgreSQL database connected and tables initialized.
2026-07-30 08:30:02,016 - ThinkatripSystem - INFO - ⏰ Travel Content System awake. Processing automated publication queue...
2026-07-30 08:30:02,048 - ThinkatripSystem - INFO - 🎨 Generating 3-Slide Carousel for New York...
2026-07-30 08:30:03,479 - ThinkatripSystem - INFO - ☁️ Successfully backed up NYC_GOI_cover.jpg to GCP Bucket!
2026-07-30 08:30:05,680 - ThinkatripSystem - INFO - ☁️ Successfully backed up NYC_GOI_itin.jpg to GCP Bucket!
2026-07-30 08:30:07,806 - ThinkatripSystem - INFO - ☁️ Successfully backed up NYC_GOI_highlights.jpg to GCP Bucket!
2026-07-30 08:30:08,987 - ThinkatripSystem - INFO - 🔗 Public URLs generated successfully.
2026-07-30 08:30:48,525 - ThinkatripSystem - INFO - 📝 Recorded flight EM916 into PostgreSQL lookup registry.
2026-07-30 08:30:48,525 - ThinkatripSystem - INFO - 🚀 Success! Instagram Carousel live on feed. Object ID: 18366470110209701
2026-07-30 08:30:48,525 - ThinkatripSystem - INFO - 💤 Publication execution cycle finished.
Uploading 3-Slide Carousel to Instagram... 📸
Creating Carousel Slide 1 container...
Waiting for media container 18094377728636153 to be ready...
Creating Carousel Slide 2 container...
Waiting for media container 18094377746636153 to be ready...
Creating Carousel Slide 3 container...
Waiting for media container 18094377764636153 to be ready...
Packaging Carousel...
Waiting for media container 18094377776636153 to be ready...
Publishing to Instagram Feed...
Successfully posted Carousel to Instagram Feed! ✅ Post ID: 18366470110209701
/home/saishivas1996/thinkatrip-gcp/venv/lib/python3.10/site-packages/google/api_core/_python_version_support.py:255: FutureWarning: You are using a Python version (3.10.12) which Google will stop supporting in new releases of google.api_core once it reaches its end of life (2026-10-04). Please upgrade to the latest Python version, or at least Python 3.11, to continue receiving updates for google.api_core past that date.
  warnings.warn(message, FutureWarning)
2026-07-30 13:15:02,413 - ThinkatripSystem - INFO - 💾 PostgreSQL database connected and tables initialized.
2026-07-30 13:15:02,413 - ThinkatripSystem - INFO - ⏰ Travel Content System awake. Processing automated publication queue...
2026-07-30 13:15:02,447 - ThinkatripSystem - INFO - 🎨 Generating 3-Slide Carousel for Sydney...
2026-07-30 13:15:05,450 - ThinkatripSystem - INFO - ☁️ Successfully backed up SYD_CCU_cover.jpg to GCP Bucket!
2026-07-30 13:15:09,030 - ThinkatripSystem - INFO - ☁️ Successfully backed up SYD_CCU_itin.jpg to GCP Bucket!
2026-07-30 13:15:12,602 - ThinkatripSystem - INFO - ☁️ Successfully backed up SYD_CCU_highlights.jpg to GCP Bucket!
2026-07-30 13:15:13,679 - ThinkatripSystem - INFO - 🔗 Public URLs generated successfully.
2026-07-30 13:15:36,622 - ThinkatripSystem - INFO - 📝 Recorded flight EM984 into PostgreSQL lookup registry.
2026-07-30 13:15:36,622 - ThinkatripSystem - INFO - 🚀 Success! Instagram Carousel live on feed. Object ID: 17889444573415001
2026-07-30 13:15:36,623 - ThinkatripSystem - INFO - 💤 Publication execution cycle finished.
Uploading 3-Slide Carousel to Instagram... 📸
Creating Carousel Slide 1 container...
Waiting for media container 18094408106636153 to be ready...
Creating Carousel Slide 2 container...
Waiting for media container 18094408172636153 to be ready...
Creating Carousel Slide 3 container...
Waiting for media container 18094408187636153 to be ready...
Packaging Carousel...
Waiting for media container 18094408202636153 to be ready...
Publishing to Instagram Feed...
Successfully posted Carousel to Instagram Feed! ✅ Post ID: 17889444573415001
/home/saishivas1996/thinkatrip-gcp/venv/lib/python3.10/site-packages/google/api_core/_python_version_support.py:255: FutureWarning: You are using a Python version (3.10.12) which Google will stop supporting in new releases of google.api_core once it reaches its end of life (2026-10-04). Please upgrade to the latest Python version, or at least Python 3.11, to continue receiving updates for google.api_core past that date.
  warnings.warn(message, FutureWarning)
2026-07-30 18:30:02,185 - ThinkatripSystem - INFO - 💾 PostgreSQL database connected and tables initialized.
2026-07-30 18:30:02,186 - ThinkatripSystem - INFO - ⏰ Travel Content System awake. Processing automated publication queue...
2026-07-30 18:30:02,213 - ThinkatripSystem - INFO - 🎨 Generating 3-Slide Carousel for Kuala Lumpur...
2026-07-30 18:30:04,211 - ThinkatripSystem - INFO - ☁️ Successfully backed up KUL_COK_cover.jpg to GCP Bucket!
2026-07-30 18:30:06,944 - ThinkatripSystem - INFO - ☁️ Successfully backed up KUL_COK_itin.jpg to GCP Bucket!
2026-07-30 18:30:10,273 - ThinkatripSystem - INFO - ☁️ Successfully backed up KUL_COK_highlights.jpg to GCP Bucket!
2026-07-30 18:30:11,718 - ThinkatripSystem - INFO - 🔗 Public URLs generated successfully.
2026-07-30 18:30:35,706 - ThinkatripSystem - INFO - 📝 Recorded flight EM305 into PostgreSQL lookup registry.
2026-07-30 18:30:35,707 - ThinkatripSystem - INFO - 🚀 Success! Instagram Carousel live on feed. Object ID: 18171594961445674
2026-07-30 18:30:35,707 - ThinkatripSystem - INFO - 💤 Publication execution cycle finished.
Uploading 3-Slide Carousel to Instagram... 📸
Creating Carousel Slide 1 container...
Waiting for media container 18094449176636153 to be ready...
Creating Carousel Slide 2 container...
Waiting for media container 18094449194636153 to be ready...
Creating Carousel Slide 3 container...
Waiting for media container 18094449209636153 to be ready...
Packaging Carousel...
Waiting for media container 18094449227636153 to be ready...
Publishing to Instagram Feed...
Successfully posted Carousel to Instagram Feed! ✅ Post ID: 18171594961445674
/home/saishivas1996/thinkatrip-gcp/venv/lib/python3.10/site-packages/google/api_core/_python_version_support.py:255: FutureWarning: You are using a Python version (3.10.12) which Google will stop supporting in new releases of google.api_core once it reaches its end of life (2026-10-04). Please upgrade to the latest Python version, or at least Python 3.11, to continue receiving updates for google.api_core past that date.
  warnings.warn(message, FutureWarning)
2026-07-30 21:30:02,315 - ThinkatripSystem - INFO - 💾 PostgreSQL database connected and tables initialized.
2026-07-30 21:30:02,315 - ThinkatripSystem - INFO - ⏰ Travel Content System awake. Processing automated publication queue...
2026-07-30 21:30:02,351 - ThinkatripSystem - INFO - 🎨 Generating 3-Slide Carousel for London...
2026-07-30 21:30:03,775 - ThinkatripSystem - INFO - ☁️ Successfully backed up LON_BOM_cover.jpg to GCP Bucket!
2026-07-30 21:30:06,328 - ThinkatripSystem - INFO - ☁️ Successfully backed up LON_BOM_itin.jpg to GCP Bucket!
2026-07-30 21:30:08,586 - ThinkatripSystem - INFO - ☁️ Successfully backed up LON_BOM_highlights.jpg to GCP Bucket!
2026-07-30 21:30:09,815 - ThinkatripSystem - INFO - 🔗 Public URLs generated successfully.
2026-07-30 21:30:28,117 - ThinkatripSystem - INFO - 📝 Recorded flight AI810 into PostgreSQL lookup registry.
2026-07-30 21:30:28,118 - ThinkatripSystem - INFO - 🚀 Success! Instagram Carousel live on feed. Object ID: 18122605885740176
2026-07-30 21:30:28,118 - ThinkatripSystem - INFO - 💤 Publication execution cycle finished.
Uploading 3-Slide Carousel to Instagram... 📸
Creating Carousel Slide 1 container...
Waiting for media container 18094463540636153 to be ready...
Creating Carousel Slide 2 container...
Waiting for media container 18094463603636153 to be ready...
Creating Carousel Slide 3 container...
Waiting for media container 18094463687636153 to be ready...
Packaging Carousel...
Waiting for media container 18094463705636153 to be ready...
Publishing to Instagram Feed...
Successfully posted Carousel to Instagram Feed! ✅ Post ID: 18122605885740176
/home/saishivas1996/thinkatrip-gcp/venv/lib/python3.10/site-packages/google/api_core/_python_version_support.py:255: FutureWarning: You are using a Python version (3.10.12) which Google will stop supporting in new releases of google.api_core once it reaches its end of life (2026-10-04). Please upgrade to the latest Python version, or at least Python 3.11, to continue receiving updates for google.api_core past that date.
  warnings.warn(message, FutureWarning)
2026-07-31 08:30:02,641 - ThinkatripSystem - INFO - 💾 PostgreSQL database connected and tables initialized.
2026-07-31 08:30:02,641 - ThinkatripSystem - INFO - ⏰ Travel Content System awake. Processing automated publication queue...
2026-07-31 08:30:02,679 - ThinkatripSystem - INFO - 🎨 Generating 3-Slide Carousel for New York...
2026-07-31 08:30:03,610 - ThinkatripSystem - INFO - ☁️ Successfully backed up NYC_BLR_cover.jpg to GCP Bucket!
2026-07-31 08:30:05,524 - ThinkatripSystem - INFO - ☁️ Successfully backed up NYC_BLR_itin.jpg to GCP Bucket!
2026-07-31 08:30:07,116 - ThinkatripSystem - INFO - ☁️ Successfully backed up NYC_BLR_highlights.jpg to GCP Bucket!
2026-07-31 08:30:07,945 - ThinkatripSystem - INFO - 🔗 Public URLs generated successfully.
2026-07-31 08:30:26,970 - ThinkatripSystem - INFO - 📝 Recorded flight IN157 into PostgreSQL lookup registry.
2026-07-31 08:30:26,971 - ThinkatripSystem - INFO - 🚀 Success! Instagram Carousel live on feed. Object ID: 18116809514309296
2026-07-31 08:30:26,971 - ThinkatripSystem - INFO - 💤 Publication execution cycle finished.
Uploading 3-Slide Carousel to Instagram... 📸
Creating Carousel Slide 1 container...
Waiting for media container 18094519163636153 to be ready...
Creating Carousel Slide 2 container...
Waiting for media container 18094519220636153 to be ready...
Creating Carousel Slide 3 container...
Waiting for media container 18094519313636153 to be ready...
Packaging Carousel...
Waiting for media container 18094519328636153 to be ready...
Publishing to Instagram Feed...
Successfully posted Carousel to Instagram Feed! ✅ Post ID: 18116809514309296
/home/saishivas1996/thinkatrip-gcp/venv/lib/python3.10/site-packages/google/api_core/_python_version_support.py:255: FutureWarning: You are using a Python version (3.10.12) which Google will stop supporting in new releases of google.api_core once it reaches its end of life (2026-10-04). Please upgrade to the latest Python version, or at least Python 3.11, to continue receiving updates for google.api_core past that date.
  warnings.warn(message, FutureWarning)
2026-07-31 13:15:02,560 - ThinkatripSystem - INFO - 💾 PostgreSQL database connected and tables initialized.
2026-07-31 13:15:02,560 - ThinkatripSystem - INFO - ⏰ Travel Content System awake. Processing automated publication queue...
2026-07-31 13:15:02,593 - ThinkatripSystem - INFO - 🎨 Generating 3-Slide Carousel for Colombo...
2026-07-31 13:15:03,551 - ThinkatripSystem - INFO - ☁️ Successfully backed up CMB_GOI_cover.jpg to GCP Bucket!
2026-07-31 13:15:05,687 - ThinkatripSystem - INFO - ☁️ Successfully backed up CMB_GOI_itin.jpg to GCP Bucket!
2026-07-31 13:15:07,316 - ThinkatripSystem - INFO - ☁️ Successfully backed up CMB_GOI_highlights.jpg to GCP Bucket!
2026-07-31 13:15:08,965 - ThinkatripSystem - INFO - 🔗 Public URLs generated successfully.
2026-07-31 13:15:32,079 - ThinkatripSystem - INFO - 📝 Recorded flight SI489 into PostgreSQL lookup registry.
2026-07-31 13:15:32,079 - ThinkatripSystem - INFO - 🚀 Success! Instagram Carousel live on feed. Object ID: 17941641414068329
2026-07-31 13:15:32,080 - ThinkatripSystem - INFO - 💤 Publication execution cycle finished.
Uploading 3-Slide Carousel to Instagram... 📸
Creating Carousel Slide 1 container...
Waiting for media container 18094547492636153 to be ready...
Creating Carousel Slide 2 container...
Waiting for media container 18094547510636153 to be ready...
Creating Carousel Slide 3 container...
Waiting for media container 18094547528636153 to be ready...
Packaging Carousel...
Waiting for media container 18094547540636153 to be ready...
Publishing to Instagram Feed...
Successfully posted Carousel to Instagram Feed! ✅ Post ID: 17941641414068329
/home/saishivas1996/thinkatrip-gcp/venv/lib/python3.10/site-packages/google/api_core/_python_version_support.py:255: FutureWarning: You are using a Python version (3.10.12) which Google will stop supporting in new releases of google.api_core once it reaches its end of life (2026-10-04). Please upgrade to the latest Python version, or at least Python 3.11, to continue receiving updates for google.api_core past that date.
  warnings.warn(message, FutureWarning)
2026-07-31 18:30:02,976 - ThinkatripSystem - INFO - 💾 PostgreSQL database connected and tables initialized.
2026-07-31 18:30:02,976 - ThinkatripSystem - INFO - ⏰ Travel Content System awake. Processing automated publication queue...
2026-07-31 18:30:03,009 - ThinkatripSystem - INFO - 🎨 Generating 3-Slide Carousel for Bangkok...
2026-07-31 18:30:04,565 - ThinkatripSystem - INFO - ☁️ Successfully backed up BKK_HYD_cover.jpg to GCP Bucket!
2026-07-31 18:30:07,030 - ThinkatripSystem - INFO - ☁️ Successfully backed up BKK_HYD_itin.jpg to GCP Bucket!
2026-07-31 18:30:09,137 - ThinkatripSystem - INFO - ☁️ Successfully backed up BKK_HYD_highlights.jpg to GCP Bucket!
2026-07-31 18:30:10,479 - ThinkatripSystem - INFO - 🔗 Public URLs generated successfully.
2026-07-31 18:30:30,089 - ThinkatripSystem - INFO - 📝 Recorded flight IN308 into PostgreSQL lookup registry.
2026-07-31 18:30:30,090 - ThinkatripSystem - INFO - 🚀 Success! Instagram Carousel live on feed. Object ID: 17882492619614136
2026-07-31 18:30:30,090 - ThinkatripSystem - INFO - 💤 Publication execution cycle finished.
Uploading 3-Slide Carousel to Instagram... 📸
Creating Carousel Slide 1 container...
Waiting for media container 18094589888636153 to be ready...
Creating Carousel Slide 2 container...
Waiting for media container 18094589900636153 to be ready...
Creating Carousel Slide 3 container...
Waiting for media container 18094589912636153 to be ready...
Packaging Carousel...
Waiting for media container 18094589927636153 to be ready...
Publishing to Instagram Feed...
Successfully posted Carousel to Instagram Feed! ✅ Post ID: 17882492619614136
/home/saishivas1996/thinkatrip-gcp/venv/lib/python3.10/site-packages/google/api_core/_python_version_support.py:255: FutureWarning: You are using a Python version (3.10.12) which Google will stop supporting in new releases of google.api_core once it reaches its end of life (2026-10-04). Please upgrade to the latest Python version, or at least Python 3.11, to continue receiving updates for google.api_core past that date.
  warnings.warn(message, FutureWarning)
2026-07-31 21:30:02,566 - ThinkatripSystem - INFO - 💾 PostgreSQL database connected and tables initialized.
2026-07-31 21:30:02,566 - ThinkatripSystem - INFO - ⏰ Travel Content System awake. Processing automated publication queue...
2026-07-31 21:30:02,587 - ThinkatripSystem - INFO - 🎨 Generating 3-Slide Carousel for New York...
2026-07-31 21:30:03,454 - ThinkatripSystem - INFO - ☁️ Successfully backed up NYC_COK_cover.jpg to GCP Bucket!
2026-07-31 21:30:05,296 - ThinkatripSystem - INFO - ☁️ Successfully backed up NYC_COK_itin.jpg to GCP Bucket!
2026-07-31 21:30:06,865 - ThinkatripSystem - INFO - ☁️ Successfully backed up NYC_COK_highlights.jpg to GCP Bucket!
2026-07-31 21:30:08,036 - ThinkatripSystem - INFO - 🔗 Public URLs generated successfully.
2026-07-31 21:30:30,014 - ThinkatripSystem - INFO - 📝 Recorded flight TH950 into PostgreSQL lookup registry.
2026-07-31 21:30:30,014 - ThinkatripSystem - INFO - 🚀 Success! Instagram Carousel live on feed. Object ID: 18118824608492598
2026-07-31 21:30:30,014 - ThinkatripSystem - INFO - 💤 Publication execution cycle finished.
Uploading 3-Slide Carousel to Instagram... 📸
Creating Carousel Slide 1 container...
Waiting for media container 18094609154636153 to be ready...
Creating Carousel Slide 2 container...
Waiting for media container 18094609169636153 to be ready...
Creating Carousel Slide 3 container...
Waiting for media container 18094609184636153 to be ready...
Packaging Carousel...
Waiting for media container 18094609202636153 to be ready...
Publishing to Instagram Feed...
Successfully posted Carousel to Instagram Feed! ✅ Post ID: 18118824608492598
/home/saishivas1996/thinkatrip-gcp/venv/lib/python3.10/site-packages/google/api_core/_python_version_support.py:255: FutureWarning: You are using a Python version (3.10.12) which Google will stop supporting in new releases of google.api_core once it reaches its end of life (2026-10-04). Please upgrade to the latest Python version, or at least Python 3.11, to continue receiving updates for google.api_core past that date.
  warnings.warn(message, FutureWarning)
2026-08-01 08:30:02,230 - ThinkatripSystem - INFO - 💾 PostgreSQL database connected and tables initialized.
2026-08-01 08:30:02,230 - ThinkatripSystem - INFO - ⏰ Travel Content System awake. Processing automated publication queue...
2026-08-01 08:30:02,257 - ThinkatripSystem - INFO - 🎨 Generating 3-Slide Carousel for Istanbul...
2026-08-01 08:30:03,770 - ThinkatripSystem - INFO - ☁️ Successfully backed up IST_CCU_cover.jpg to GCP Bucket!
2026-08-01 08:30:06,058 - ThinkatripSystem - INFO - ☁️ Successfully backed up IST_CCU_itin.jpg to GCP Bucket!
2026-08-01 08:30:08,085 - ThinkatripSystem - INFO - ☁️ Successfully backed up IST_CCU_highlights.jpg to GCP Bucket!
2026-08-01 08:30:09,245 - ThinkatripSystem - INFO - 🔗 Public URLs generated successfully.
2026-08-01 08:30:32,907 - ThinkatripSystem - INFO - 📝 Recorded flight EM684 into PostgreSQL lookup registry.
2026-08-01 08:30:32,907 - ThinkatripSystem - INFO - 🚀 Success! Instagram Carousel live on feed. Object ID: 17979405774062598
2026-08-01 08:30:32,907 - ThinkatripSystem - INFO - 💤 Publication execution cycle finished.
Uploading 3-Slide Carousel to Instagram... 📸
Creating Carousel Slide 1 container...
Waiting for media container 18094675052636153 to be ready...
Creating Carousel Slide 2 container...
Waiting for media container 18094675067636153 to be ready...
Creating Carousel Slide 3 container...
Waiting for media container 18094675079636153 to be ready...
Packaging Carousel...
Waiting for media container 18094675091636153 to be ready...
Publishing to Instagram Feed...
Successfully posted Carousel to Instagram Feed! ✅ Post ID: 17979405774062598
/home/saishivas1996/thinkatrip-gcp/venv/lib/python3.10/site-packages/google/api_core/_python_version_support.py:255: FutureWarning: You are using a Python version (3.10.12) which Google will stop supporting in new releases of google.api_core once it reaches its end of life (2026-10-04). Please upgrade to the latest Python version, or at least Python 3.11, to continue receiving updates for google.api_core past that date.
  warnings.warn(message, FutureWarning)
2026-08-01 13:15:02,403 - ThinkatripSystem - INFO - 💾 PostgreSQL database connected and tables initialized.
2026-08-01 13:15:02,403 - ThinkatripSystem - INFO - ⏰ Travel Content System awake. Processing automated publication queue...
2026-08-01 13:15:02,431 - ThinkatripSystem - INFO - 🎨 Generating 3-Slide Carousel for Istanbul...
2026-08-01 13:15:03,336 - ThinkatripSystem - INFO - ☁️ Successfully backed up IST_COK_cover.jpg to GCP Bucket!
2026-08-01 13:15:05,276 - ThinkatripSystem - INFO - ☁️ Successfully backed up IST_COK_itin.jpg to GCP Bucket!
2026-08-01 13:15:06,899 - ThinkatripSystem - INFO - ☁️ Successfully backed up IST_COK_highlights.jpg to GCP Bucket!
2026-08-01 13:15:07,821 - ThinkatripSystem - INFO - 🔗 Public URLs generated successfully.
2026-08-01 13:15:29,303 - ThinkatripSystem - INFO - 📝 Recorded flight AI278 into PostgreSQL lookup registry.
2026-08-01 13:15:29,304 - ThinkatripSystem - INFO - 🚀 Success! Instagram Carousel live on feed. Object ID: 18423408565197998
2026-08-01 13:15:29,304 - ThinkatripSystem - INFO - 💤 Publication execution cycle finished.
Uploading 3-Slide Carousel to Instagram... 📸
Creating Carousel Slide 1 container...
Waiting for media container 18094708553636153 to be ready...
Creating Carousel Slide 2 container...
Waiting for media container 18094708565636153 to be ready...
Creating Carousel Slide 3 container...
Waiting for media container 18094708577636153 to be ready...
Packaging Carousel...
Waiting for media container 18094708598636153 to be ready...
Publishing to Instagram Feed...
Successfully posted Carousel to Instagram Feed! ✅ Post ID: 18423408565197998
/home/saishivas1996/thinkatrip-gcp/venv/lib/python3.10/site-packages/google/api_core/_python_version_support.py:255: FutureWarning: You are using a Python version (3.10.12) which Google will stop supporting in new releases of google.api_core once it reaches its end of life (2026-10-04). Please upgrade to the latest Python version, or at least Python 3.11, to continue receiving updates for google.api_core past that date.
  warnings.warn(message, FutureWarning)
2026-08-01 18:30:03,003 - ThinkatripSystem - INFO - 💾 PostgreSQL database connected and tables initialized.
2026-08-01 18:30:03,003 - ThinkatripSystem - INFO - ⏰ Travel Content System awake. Processing automated publication queue...
2026-08-01 18:30:03,038 - ThinkatripSystem - INFO - 🎨 Generating 3-Slide Carousel for Abu Dhabi...
2026-08-01 18:30:04,931 - ThinkatripSystem - INFO - ☁️ Successfully backed up AUH_CCU_cover.jpg to GCP Bucket!
2026-08-01 18:30:07,335 - ThinkatripSystem - INFO - ☁️ Successfully backed up AUH_CCU_itin.jpg to GCP Bucket!
2026-08-01 18:30:09,418 - ThinkatripSystem - INFO - ☁️ Successfully backed up AUH_CCU_highlights.jpg to GCP Bucket!
2026-08-01 18:30:10,664 - ThinkatripSystem - INFO - 🔗 Public URLs generated successfully.
2026-08-01 18:30:33,040 - ThinkatripSystem - INFO - 📝 Recorded flight TH620 into PostgreSQL lookup registry.
2026-08-01 18:30:33,041 - ThinkatripSystem - INFO - 🚀 Success! Instagram Carousel live on feed. Object ID: 17930520423126495
2026-08-01 18:30:33,041 - ThinkatripSystem - INFO - 💤 Publication execution cycle finished.
Uploading 3-Slide Carousel to Instagram... 📸
Creating Carousel Slide 1 container...
Waiting for media container 18094752428636153 to be ready...
Creating Carousel Slide 2 container...
Waiting for media container 18094752446636153 to be ready...
Creating Carousel Slide 3 container...
Waiting for media container 18094752464636153 to be ready...
Packaging Carousel...
Waiting for media container 18094752482636153 to be ready...
Publishing to Instagram Feed...
Successfully posted Carousel to Instagram Feed! ✅ Post ID: 17930520423126495
/home/saishivas1996/thinkatrip-gcp/venv/lib/python3.10/site-packages/google/api_core/_python_version_support.py:255: FutureWarning: You are using a Python version (3.10.12) which Google will stop supporting in new releases of google.api_core once it reaches its end of life (2026-10-04). Please upgrade to the latest Python version, or at least Python 3.11, to continue receiving updates for google.api_core past that date.
  warnings.warn(message, FutureWarning)
2026-08-01 21:30:02,366 - ThinkatripSystem - INFO - 💾 PostgreSQL database connected and tables initialized.
2026-08-01 21:30:02,366 - ThinkatripSystem - INFO - ⏰ Travel Content System awake. Processing automated publication queue...
2026-08-01 21:30:02,397 - ThinkatripSystem - INFO - 🎨 Generating 3-Slide Carousel for Hong Kong...
2026-08-01 21:30:03,650 - ThinkatripSystem - INFO - ☁️ Successfully backed up HKG_BOM_cover.jpg to GCP Bucket!
2026-08-01 21:30:05,997 - ThinkatripSystem - INFO - ☁️ Successfully backed up HKG_BOM_itin.jpg to GCP Bucket!
2026-08-01 21:30:08,359 - ThinkatripSystem - INFO - ☁️ Successfully backed up HKG_BOM_highlights.jpg to GCP Bucket!
2026-08-01 21:30:09,790 - ThinkatripSystem - INFO - 🔗 Public URLs generated successfully.
2026-08-01 21:30:32,525 - ThinkatripSystem - INFO - 📝 Recorded flight TH119 into PostgreSQL lookup registry.
2026-08-01 21:30:32,525 - ThinkatripSystem - INFO - 🚀 Success! Instagram Carousel live on feed. Object ID: 18110665442092379
2026-08-01 21:30:32,525 - ThinkatripSystem - INFO - 💤 Publication execution cycle finished.
Uploading 3-Slide Carousel to Instagram... 📸
Creating Carousel Slide 1 container...
Waiting for media container 18094769183636153 to be ready...
Creating Carousel Slide 2 container...
Waiting for media container 18094769225636153 to be ready...
Creating Carousel Slide 3 container...
Waiting for media container 18094769240636153 to be ready...
Packaging Carousel...
Waiting for media container 18094769258636153 to be ready...
Publishing to Instagram Feed...
Successfully posted Carousel to Instagram Feed! ✅ Post ID: 18110665442092379
/home/saishivas1996/thinkatrip-gcp/venv/lib/python3.10/site-packages/google/api_core/_python_version_support.py:255: FutureWarning: You are using a Python version (3.10.12) which Google will stop supporting in new releases of google.api_core once it reaches its end of life (2026-10-04). Please upgrade to the latest Python version, or at least Python 3.11, to continue receiving updates for google.api_core past that date.
  warnings.warn(message, FutureWarning)
2026-08-02 08:30:02,177 - ThinkatripSystem - INFO - 💾 PostgreSQL database connected and tables initialized.
2026-08-02 08:30:02,177 - ThinkatripSystem - INFO - ⏰ Travel Content System awake. Processing automated publication queue...
2026-08-02 08:30:02,207 - ThinkatripSystem - INFO - 🎨 Generating 3-Slide Carousel for Abu Dhabi...
2026-08-02 08:30:03,072 - ThinkatripSystem - INFO - ☁️ Successfully backed up AUH_DEL_cover.jpg to GCP Bucket!
2026-08-02 08:30:04,973 - ThinkatripSystem - INFO - ☁️ Successfully backed up AUH_DEL_itin.jpg to GCP Bucket!
2026-08-02 08:30:06,579 - ThinkatripSystem - INFO - ☁️ Successfully backed up AUH_DEL_highlights.jpg to GCP Bucket!
2026-08-02 08:30:07,585 - ThinkatripSystem - INFO - 🔗 Public URLs generated successfully.
2026-08-02 08:30:29,279 - ThinkatripSystem - INFO - 📝 Recorded flight VI965 into PostgreSQL lookup registry.
2026-08-02 08:30:29,279 - ThinkatripSystem - INFO - 🚀 Success! Instagram Carousel live on feed. Object ID: 18119575120813553
2026-08-02 08:30:29,280 - ThinkatripSystem - INFO - 💤 Publication execution cycle finished.
Uploading 3-Slide Carousel to Instagram... 📸
Creating Carousel Slide 1 container...
Waiting for media container 18094846634636153 to be ready...
Creating Carousel Slide 2 container...
Waiting for media container 18094846655636153 to be ready...
Creating Carousel Slide 3 container...
Waiting for media container 18094846667636153 to be ready...
Packaging Carousel...
Waiting for media container 18094846679636153 to be ready...
Publishing to Instagram Feed...
Successfully posted Carousel to Instagram Feed! ✅ Post ID: 18119575120813553
/home/saishivas1996/thinkatrip-gcp/venv/lib/python3.10/site-packages/google/api_core/_python_version_support.py:255: FutureWarning: You are using a Python version (3.10.12) which Google will stop supporting in new releases of google.api_core once it reaches its end of life (2026-10-04). Please upgrade to the latest Python version, or at least Python 3.11, to continue receiving updates for google.api_core past that date.
  warnings.warn(message, FutureWarning)
2026-08-02 13:15:02,195 - ThinkatripSystem - INFO - 💾 PostgreSQL database connected and tables initialized.
2026-08-02 13:15:02,195 - ThinkatripSystem - INFO - ⏰ Travel Content System awake. Processing automated publication queue...
2026-08-02 13:15:02,215 - ThinkatripSystem - INFO - 🎨 Generating 3-Slide Carousel for Istanbul...
2026-08-02 13:15:03,093 - ThinkatripSystem - INFO - ☁️ Successfully backed up IST_DEL_cover.jpg to GCP Bucket!
2026-08-02 13:15:04,993 - ThinkatripSystem - INFO - ☁️ Successfully backed up IST_DEL_itin.jpg to GCP Bucket!
2026-08-02 13:15:07,158 - ThinkatripSystem - INFO - ☁️ Successfully backed up IST_DEL_highlights.jpg to GCP Bucket!
2026-08-02 13:15:08,409 - ThinkatripSystem - INFO - 🔗 Public URLs generated successfully.
2026-08-02 13:15:33,268 - ThinkatripSystem - INFO - 📝 Recorded flight AI509 into PostgreSQL lookup registry.
2026-08-02 13:15:33,269 - ThinkatripSystem - INFO - 🚀 Success! Instagram Carousel live on feed. Object ID: 18172530277441741
2026-08-02 13:15:33,269 - ThinkatripSystem - INFO - 💤 Publication execution cycle finished.
Uploading 3-Slide Carousel to Instagram... 📸
Creating Carousel Slide 1 container...
Waiting for media container 18094879661636153 to be ready...
Creating Carousel Slide 2 container...
Waiting for media container 18094879676636153 to be ready...
Creating Carousel Slide 3 container...
Waiting for media container 18094879706636153 to be ready...
Packaging Carousel...
Waiting for media container 18094879718636153 to be ready...
Publishing to Instagram Feed...
Successfully posted Carousel to Instagram Feed! ✅ Post ID: 18172530277441741
/home/saishivas1996/thinkatrip-gcp/venv/lib/python3.10/site-packages/google/api_core/_python_version_support.py:255: FutureWarning: You are using a Python version (3.10.12) which Google will stop supporting in new releases of google.api_core once it reaches its end of life (2026-10-04). Please upgrade to the latest Python version, or at least Python 3.11, to continue receiving updates for google.api_core past that date.
  warnings.warn(message, FutureWarning)
2026-08-02 18:30:02,980 - ThinkatripSystem - INFO - 💾 PostgreSQL database connected and tables initialized.
2026-08-02 18:30:02,981 - ThinkatripSystem - INFO - ⏰ Travel Content System awake. Processing automated publication queue...
2026-08-02 18:30:03,012 - ThinkatripSystem - INFO - 🎨 Generating 3-Slide Carousel for Bali...
2026-08-02 18:30:03,963 - ThinkatripSystem - INFO - ☁️ Successfully backed up DPS_BOM_cover.jpg to GCP Bucket!
2026-08-02 18:30:06,403 - ThinkatripSystem - INFO - ☁️ Successfully backed up DPS_BOM_itin.jpg to GCP Bucket!
2026-08-02 18:30:08,629 - ThinkatripSystem - INFO - ☁️ Successfully backed up DPS_BOM_highlights.jpg to GCP Bucket!
2026-08-02 18:30:09,577 - ThinkatripSystem - INFO - 🔗 Public URLs generated successfully.
2026-08-02 18:30:52,846 - ThinkatripSystem - INFO - 📝 Recorded flight QA791 into PostgreSQL lookup registry.
2026-08-02 18:30:52,846 - ThinkatripSystem - INFO - 🚀 Success! Instagram Carousel live on feed. Object ID: 18080222675295478
2026-08-02 18:30:52,846 - ThinkatripSystem - INFO - 💤 Publication execution cycle finished.
Uploading 3-Slide Carousel to Instagram... 📸
Creating Carousel Slide 1 container...
Waiting for media container 18094917548636153 to be ready...
Creating Carousel Slide 2 container...
Waiting for media container 18094917566636153 to be ready...
Creating Carousel Slide 3 container...
Waiting for media container 18094917584636153 to be ready...
Packaging Carousel...
Waiting for media container 18094917605636153 to be ready...
Publishing to Instagram Feed...
Successfully posted Carousel to Instagram Feed! ✅ Post ID: 18080222675295478
/home/saishivas1996/thinkatrip-gcp/venv/lib/python3.10/site-packages/google/api_core/_python_version_support.py:255: FutureWarning: You are using a Python version (3.10.12) which Google will stop supporting in new releases of google.api_core once it reaches its end of life (2026-10-04). Please upgrade to the latest Python version, or at least Python 3.11, to continue receiving updates for google.api_core past that date.
  warnings.warn(message, FutureWarning)
2026-08-02 21:30:02,412 - ThinkatripSystem - INFO - 💾 PostgreSQL database connected and tables initialized.
2026-08-02 21:30:02,413 - ThinkatripSystem - INFO - ⏰ Travel Content System awake. Processing automated publication queue...
2026-08-02 21:30:02,450 - ThinkatripSystem - INFO - 🎨 Generating 3-Slide Carousel for Singapore...
2026-08-02 21:30:04,068 - ThinkatripSystem - INFO - ☁️ Successfully backed up SIN_MAA_cover.jpg to GCP Bucket!
2026-08-02 21:30:06,430 - ThinkatripSystem - INFO - ☁️ Successfully backed up SIN_MAA_itin.jpg to GCP Bucket!
2026-08-02 21:30:09,376 - ThinkatripSystem - INFO - ☁️ Successfully backed up SIN_MAA_highlights.jpg to GCP Bucket!
2026-08-02 21:30:10,664 - ThinkatripSystem - INFO - 🔗 Public URLs generated successfully.
2026-08-02 21:30:44,293 - ThinkatripSystem - INFO - 📝 Recorded flight AI513 into PostgreSQL lookup registry.
2026-08-02 21:30:44,293 - ThinkatripSystem - INFO - 🚀 Success! Instagram Carousel live on feed. Object ID: 18334177048251540
2026-08-02 21:30:44,293 - ThinkatripSystem - INFO - 💤 Publication execution cycle finished.
Uploading 3-Slide Carousel to Instagram... 📸
Creating Carousel Slide 1 container...
Waiting for media container 18094934618636153 to be ready...
Creating Carousel Slide 2 container...
Waiting for media container 18094934630636153 to be ready...
Creating Carousel Slide 3 container...
Waiting for media container 18094934645636153 to be ready...
Packaging Carousel...
Waiting for media container 18094934660636153 to be ready...
Publishing to Instagram Feed...
Successfully posted Carousel to Instagram Feed! ✅ Post ID: 18334177048251540
/home/saishivas1996/thinkatrip-gcp/venv/lib/python3.10/site-packages/google/api_core/_python_version_support.py:255: FutureWarning: You are using a Python version (3.10.12) which Google will stop supporting in new releases of google.api_core once it reaches its end of life (2026-10-04). Please upgrade to the latest Python version, or at least Python 3.11, to continue receiving updates for google.api_core past that date.
  warnings.warn(message, FutureWarning)
2026-08-03 08:30:02,358 - ThinkatripSystem - INFO - 💾 PostgreSQL database connected and tables initialized.
2026-08-03 08:30:02,358 - ThinkatripSystem - INFO - ⏰ Travel Content System awake. Processing automated publication queue...
2026-08-03 08:30:02,386 - ThinkatripSystem - INFO - 🎨 Generating 3-Slide Carousel for Singapore...
2026-08-03 08:30:03,267 - ThinkatripSystem - INFO - ☁️ Successfully backed up SIN_COK_cover.jpg to GCP Bucket!
2026-08-03 08:30:05,161 - ThinkatripSystem - INFO - ☁️ Successfully backed up SIN_COK_itin.jpg to GCP Bucket!
2026-08-03 08:30:06,875 - ThinkatripSystem - INFO - ☁️ Successfully backed up SIN_COK_highlights.jpg to GCP Bucket!
2026-08-03 08:30:07,803 - ThinkatripSystem - INFO - 🔗 Public URLs generated successfully.
2026-08-03 08:30:28,262 - ThinkatripSystem - INFO - 📝 Recorded flight AI520 into PostgreSQL lookup registry.
2026-08-03 08:30:28,263 - ThinkatripSystem - INFO - 🚀 Success! Instagram Carousel live on feed. Object ID: 18085372376416380
2026-08-03 08:30:28,263 - ThinkatripSystem - INFO - 💤 Publication execution cycle finished.
Uploading 3-Slide Carousel to Instagram... 📸
Creating Carousel Slide 1 container...
Waiting for media container 18094994342636153 to be ready...
Creating Carousel Slide 2 container...
Waiting for media container 18094994360636153 to be ready...
Creating Carousel Slide 3 container...
Waiting for media container 18094994372636153 to be ready...
Packaging Carousel...
Waiting for media container 18094994396636153 to be ready...
Publishing to Instagram Feed...
Successfully posted Carousel to Instagram Feed! ✅ Post ID: 18085372376416380
/home/saishivas1996/thinkatrip-gcp/venv/lib/python3.10/site-packages/google/api_core/_python_version_support.py:255: FutureWarning: You are using a Python version (3.10.12) which Google will stop supporting in new releases of google.api_core once it reaches its end of life (2026-10-04). Please upgrade to the latest Python version, or at least Python 3.11, to continue receiving updates for google.api_core past that date.
  warnings.warn(message, FutureWarning)
2026-08-03 13:15:03,182 - ThinkatripSystem - INFO - 💾 PostgreSQL database connected and tables initialized.
2026-08-03 13:15:03,183 - ThinkatripSystem - INFO - ⏰ Travel Content System awake. Processing automated publication queue...
2026-08-03 13:15:03,218 - ThinkatripSystem - INFO - 🎨 Generating 3-Slide Carousel for Colombo...
2026-08-03 13:15:04,489 - ThinkatripSystem - INFO - ☁️ Successfully backed up CMB_COK_cover.jpg to GCP Bucket!
2026-08-03 13:15:06,954 - ThinkatripSystem - INFO - ☁️ Successfully backed up CMB_COK_itin.jpg to GCP Bucket!
2026-08-03 13:15:08,987 - ThinkatripSystem - INFO - ☁️ Successfully backed up CMB_COK_highlights.jpg to GCP Bucket!
2026-08-03 13:15:10,218 - ThinkatripSystem - INFO - 🔗 Public URLs generated successfully.
2026-08-03 13:15:31,100 - ThinkatripSystem - INFO - 📝 Recorded flight TH973 into PostgreSQL lookup registry.
2026-08-03 13:15:31,100 - ThinkatripSystem - INFO - 🚀 Success! Instagram Carousel live on feed. Object ID: 18120284647882692
2026-08-03 13:15:31,100 - ThinkatripSystem - INFO - 💤 Publication execution cycle finished.
Uploading 3-Slide Carousel to Instagram... 📸
Creating Carousel Slide 1 container...
Waiting for media container 18095026166636153 to be ready...
Creating Carousel Slide 2 container...
Waiting for media container 18095026178636153 to be ready...
Creating Carousel Slide 3 container...
Waiting for media container 18095026196636153 to be ready...
Packaging Carousel...
Waiting for media container 18095026229636153 to be ready...
Publishing to Instagram Feed...
Successfully posted Carousel to Instagram Feed! ✅ Post ID: 18120284647882692
/home/saishivas1996/thinkatrip-gcp/venv/lib/python3.10/site-packages/google/api_core/_python_version_support.py:255: FutureWarning: You are using a Python version (3.10.12) which Google will stop supporting in new releases of google.api_core once it reaches its end of life (2026-10-04). Please upgrade to the latest Python version, or at least Python 3.11, to continue receiving updates for google.api_core past that date.
  warnings.warn(message, FutureWarning)
2026-08-03 18:30:02,342 - ThinkatripSystem - INFO - 💾 PostgreSQL database connected and tables initialized.
2026-08-03 18:30:02,343 - ThinkatripSystem - INFO - ⏰ Travel Content System awake. Processing automated publication queue...
2026-08-03 18:30:02,360 - ThinkatripSystem - INFO - 🎨 Generating 3-Slide Carousel for Bangkok...
2026-08-03 18:30:04,518 - ThinkatripSystem - INFO - ☁️ Successfully backed up BKK_HYD_cover.jpg to GCP Bucket!
2026-08-03 18:30:07,509 - ThinkatripSystem - INFO - ☁️ Successfully backed up BKK_HYD_itin.jpg to GCP Bucket!
2026-08-03 18:30:09,730 - ThinkatripSystem - INFO - ☁️ Successfully backed up BKK_HYD_highlights.jpg to GCP Bucket!
2026-08-03 18:30:11,087 - ThinkatripSystem - INFO - 🔗 Public URLs generated successfully.
2026-08-03 18:30:47,304 - ThinkatripSystem - INFO - 📝 Recorded flight TH328 into PostgreSQL lookup registry.
2026-08-03 18:30:47,305 - ThinkatripSystem - INFO - 🚀 Success! Instagram Carousel live on feed. Object ID: 18110629168791377
2026-08-03 18:30:47,305 - ThinkatripSystem - INFO - 💤 Publication execution cycle finished.
Uploading 3-Slide Carousel to Instagram... 📸
Creating Carousel Slide 1 container...
Waiting for media container 18095063369636153 to be ready...
Creating Carousel Slide 2 container...
Waiting for media container 18095063405636153 to be ready...
Creating Carousel Slide 3 container...
Waiting for media container 18095063423636153 to be ready...
Packaging Carousel...
Waiting for media container 18095063441636153 to be ready...
Publishing to Instagram Feed...
Successfully posted Carousel to Instagram Feed! ✅ Post ID: 18110629168791377
/home/saishivas1996/thinkatrip-gcp/venv/lib/python3.10/site-packages/google/api_core/_python_version_support.py:255: FutureWarning: You are using a Python version (3.10.12) which Google will stop supporting in new releases of google.api_core once it reaches its end of life (2026-10-04). Please upgrade to the latest Python version, or at least Python 3.11, to continue receiving updates for google.api_core past that date.
  warnings.warn(message, FutureWarning)
2026-08-03 21:30:02,636 - ThinkatripSystem - INFO - 💾 PostgreSQL database connected and tables initialized.
2026-08-03 21:30:02,637 - ThinkatripSystem - INFO - ⏰ Travel Content System awake. Processing automated publication queue...
2026-08-03 21:30:02,666 - ThinkatripSystem - INFO - 🎨 Generating 3-Slide Carousel for Colombo...
2026-08-03 21:30:03,526 - ThinkatripSystem - INFO - ☁️ Successfully backed up CMB_CCU_cover.jpg to GCP Bucket!
2026-08-03 21:30:05,854 - ThinkatripSystem - INFO - ☁️ Successfully backed up CMB_CCU_itin.jpg to GCP Bucket!
2026-08-03 21:30:07,237 - ThinkatripSystem - INFO - ☁️ Successfully backed up CMB_CCU_highlights.jpg to GCP Bucket!
2026-08-03 21:30:08,144 - ThinkatripSystem - INFO - 🔗 Public URLs generated successfully.
2026-08-03 21:30:30,502 - ThinkatripSystem - INFO - 📝 Recorded flight IN335 into PostgreSQL lookup registry.
2026-08-03 21:30:30,502 - ThinkatripSystem - INFO - 🚀 Success! Instagram Carousel live on feed. Object ID: 18112193108054151
2026-08-03 21:30:30,502 - ThinkatripSystem - INFO - 💤 Publication execution cycle finished.
Uploading 3-Slide Carousel to Instagram... 📸
Creating Carousel Slide 1 container...
Waiting for media container 18095077931636153 to be ready...
Creating Carousel Slide 2 container...
Waiting for media container 18095077946636153 to be ready...
Creating Carousel Slide 3 container...
Waiting for media container 18095077961636153 to be ready...
Packaging Carousel...
Waiting for media container 18095077976636153 to be ready...
Publishing to Instagram Feed...
Successfully posted Carousel to Instagram Feed! ✅ Post ID: 18112193108054151
/home/saishivas1996/thinkatrip-gcp/venv/lib/python3.10/site-packages/google/api_core/_python_version_support.py:255: FutureWarning: You are using a Python version (3.10.12) which Google will stop supporting in new releases of google.api_core once it reaches its end of life (2026-10-04). Please upgrade to the latest Python version, or at least Python 3.11, to continue receiving updates for google.api_core past that date.
  warnings.warn(message, FutureWarning)
2026-08-04 08:30:02,823 - ThinkatripSystem - INFO - 💾 PostgreSQL database connected and tables initialized.
2026-08-04 08:30:02,823 - ThinkatripSystem - INFO - ⏰ Travel Content System awake. Processing automated publication queue...
2026-08-04 08:30:02,854 - ThinkatripSystem - INFO - 🎨 Generating 3-Slide Carousel for Kuala Lumpur...
2026-08-04 08:30:04,732 - ThinkatripSystem - INFO - ☁️ Successfully backed up KUL_DEL_cover.jpg to GCP Bucket!
2026-08-04 08:30:12,953 - ThinkatripSystem - INFO - ☁️ Successfully backed up KUL_DEL_itin.jpg to GCP Bucket!
2026-08-04 08:30:21,091 - ThinkatripSystem - INFO - ☁️ Successfully backed up KUL_DEL_highlights.jpg to GCP Bucket!
2026-08-04 08:30:28,470 - ThinkatripSystem - INFO - 🔗 Public URLs generated successfully.
2026-08-04 08:30:52,377 - ThinkatripSystem - INFO - 📝 Recorded flight IN767 into PostgreSQL lookup registry.
2026-08-04 08:30:52,378 - ThinkatripSystem - INFO - 🚀 Success! Instagram Carousel live on feed. Object ID: 18108162749330873
2026-08-04 08:30:52,378 - ThinkatripSystem - INFO - 💤 Publication execution cycle finished.
Uploading 3-Slide Carousel to Instagram... 📸
Creating Carousel Slide 1 container...
Waiting for media container 18095137382636153 to be ready...
Creating Carousel Slide 2 container...
Waiting for media container 18095137403636153 to be ready...
Creating Carousel Slide 3 container...
Waiting for media container 18095137424636153 to be ready...
Packaging Carousel...
Waiting for media container 18095137448636153 to be ready...
Publishing to Instagram Feed...
Successfully posted Carousel to Instagram Feed! ✅ Post ID: 18108162749330873
/home/saishivas1996/thinkatrip-gcp/venv/lib/python3.10/site-packages/google/api_core/_python_version_support.py:255: FutureWarning: You are using a Python version (3.10.12) which Google will stop supporting in new releases of google.api_core once it reaches its end of life (2026-10-04). Please upgrade to the latest Python version, or at least Python 3.11, to continue receiving updates for google.api_core past that date.
  warnings.warn(message, FutureWarning)
2026-08-04 13:15:03,218 - ThinkatripSystem - INFO - 💾 PostgreSQL database connected and tables initialized.
2026-08-04 13:15:03,218 - ThinkatripSystem - INFO - ⏰ Travel Content System awake. Processing automated publication queue...
2026-08-04 13:15:03,251 - ThinkatripSystem - INFO - 🎨 Generating 3-Slide Carousel for Manila...
2026-08-04 13:15:05,348 - ThinkatripSystem - INFO - ☁️ Successfully backed up MNL_DEL_cover.jpg to GCP Bucket!
2026-08-04 13:15:09,028 - ThinkatripSystem - INFO - ☁️ Successfully backed up MNL_DEL_itin.jpg to GCP Bucket!
2026-08-04 13:15:11,232 - ThinkatripSystem - INFO - ☁️ Successfully backed up MNL_DEL_highlights.jpg to GCP Bucket!
2026-08-04 13:15:12,163 - ThinkatripSystem - INFO - 🔗 Public URLs generated successfully.
2026-08-04 13:15:32,947 - ThinkatripSystem - INFO - 📝 Recorded flight QA709 into PostgreSQL lookup registry.
2026-08-04 13:15:32,947 - ThinkatripSystem - INFO - 🚀 Success! Instagram Carousel live on feed. Object ID: 18119062804804312
2026-08-04 13:15:32,947 - ThinkatripSystem - INFO - 💤 Publication execution cycle finished.
Uploading 3-Slide Carousel to Instagram... 📸
Creating Carousel Slide 1 container...
Waiting for media container 18095169461636153 to be ready...
Creating Carousel Slide 2 container...
Waiting for media container 18095169473636153 to be ready...
Creating Carousel Slide 3 container...
Waiting for media container 18095169485636153 to be ready...
Packaging Carousel...
Waiting for media container 18095169506636153 to be ready...
Publishing to Instagram Feed...
Successfully posted Carousel to Instagram Feed! ✅ Post ID: 18119062804804312
/home/saishivas1996/thinkatrip-gcp/venv/lib/python3.10/site-packages/google/api_core/_python_version_support.py:255: FutureWarning: You are using a Python version (3.10.12) which Google will stop supporting in new releases of google.api_core once it reaches its end of life (2026-10-04). Please upgrade to the latest Python version, or at least Python 3.11, to continue receiving updates for google.api_core past that date.
  warnings.warn(message, FutureWarning)
2026-08-04 18:30:02,303 - ThinkatripSystem - INFO - 💾 PostgreSQL database connected and tables initialized.
2026-08-04 18:30:02,304 - ThinkatripSystem - INFO - ⏰ Travel Content System awake. Processing automated publication queue...
2026-08-04 18:30:02,335 - ThinkatripSystem - INFO - 🎨 Generating 3-Slide Carousel for New York...
2026-08-04 18:30:03,635 - ThinkatripSystem - INFO - ☁️ Successfully backed up NYC_DEL_cover.jpg to GCP Bucket!
2026-08-04 18:30:05,915 - ThinkatripSystem - INFO - ☁️ Successfully backed up NYC_DEL_itin.jpg to GCP Bucket!
2026-08-04 18:30:08,194 - ThinkatripSystem - INFO - ☁️ Successfully backed up NYC_DEL_highlights.jpg to GCP Bucket!
2026-08-04 18:30:09,327 - ThinkatripSystem - INFO - 🔗 Public URLs generated successfully.
2026-08-04 18:30:52,373 - ThinkatripSystem - INFO - 📝 Recorded flight TH482 into PostgreSQL lookup registry.
2026-08-04 18:30:52,373 - ThinkatripSystem - INFO - 🚀 Success! Instagram Carousel live on feed. Object ID: 18086695517415338
2026-08-04 18:30:52,373 - ThinkatripSystem - INFO - 💤 Publication execution cycle finished.
Uploading 3-Slide Carousel to Instagram... 📸
Creating Carousel Slide 1 container...
Waiting for media container 18095210390636153 to be ready...
Creating Carousel Slide 2 container...
Waiting for media container 18095210429636153 to be ready...
Creating Carousel Slide 3 container...
Waiting for media container 18095210459636153 to be ready...
Packaging Carousel...
Waiting for media container 18095210483636153 to be ready...
Publishing to Instagram Feed...
Successfully posted Carousel to Instagram Feed! ✅ Post ID: 18086695517415338
/home/saishivas1996/thinkatrip-gcp/venv/lib/python3.10/site-packages/google/api_core/_python_version_support.py:255: FutureWarning: You are using a Python version (3.10.12) which Google will stop supporting in new releases of google.api_core once it reaches its end of life (2026-10-04). Please upgrade to the latest Python version, or at least Python 3.11, to continue receiving updates for google.api_core past that date.
  warnings.warn(message, FutureWarning)
2026-08-04 21:30:03,016 - ThinkatripSystem - INFO - 💾 PostgreSQL database connected and tables initialized.
2026-08-04 21:30:03,017 - ThinkatripSystem - INFO - ⏰ Travel Content System awake. Processing automated publication queue...
2026-08-04 21:30:03,050 - ThinkatripSystem - INFO - 🎨 Generating 3-Slide Carousel for Kathmandu...
2026-08-04 21:30:05,383 - ThinkatripSystem - INFO - ☁️ Successfully backed up KTM_MAA_cover.jpg to GCP Bucket!
2026-08-04 21:30:07,608 - ThinkatripSystem - INFO - ☁️ Successfully backed up KTM_MAA_itin.jpg to GCP Bucket!
2026-08-04 21:30:09,925 - ThinkatripSystem - INFO - ☁️ Successfully backed up KTM_MAA_highlights.jpg to GCP Bucket!
2026-08-04 21:30:11,101 - ThinkatripSystem - INFO - 🔗 Public URLs generated successfully.
2026-08-04 21:30:30,827 - ThinkatripSystem - INFO - 📝 Recorded flight QA295 into PostgreSQL lookup registry.
2026-08-04 21:30:30,827 - ThinkatripSystem - INFO - 🚀 Success! Instagram Carousel live on feed. Object ID: 18203860453367319
2026-08-04 21:30:30,827 - ThinkatripSystem - INFO - 💤 Publication execution cycle finished.
Uploading 3-Slide Carousel to Instagram... 📸
Creating Carousel Slide 1 container...
Waiting for media container 18095226692636153 to be ready...
Creating Carousel Slide 2 container...
Waiting for media container 18095226704636153 to be ready...
Creating Carousel Slide 3 container...
Waiting for media container 18095226719636153 to be ready...
Packaging Carousel...
Waiting for media container 18095226734636153 to be ready...
Publishing to Instagram Feed...
Successfully posted Carousel to Instagram Feed! ✅ Post ID: 18203860453367319
/home/saishivas1996/thinkatrip-gcp/venv/lib/python3.10/site-packages/google/api_core/_python_version_support.py:255: FutureWarning: You are using a Python version (3.10.12) which Google will stop supporting in new releases of google.api_core once it reaches its end of life (2026-10-04). Please upgrade to the latest Python version, or at least Python 3.11, to continue receiving updates for google.api_core past that date.
  warnings.warn(message, FutureWarning)
2026-08-05 08:30:02,350 - ThinkatripSystem - INFO - 💾 PostgreSQL database connected and tables initialized.
2026-08-05 08:30:02,350 - ThinkatripSystem - INFO - ⏰ Travel Content System awake. Processing automated publication queue...
2026-08-05 08:30:02,381 - ThinkatripSystem - INFO - 🎨 Generating 3-Slide Carousel for Colombo...
2026-08-05 08:30:03,839 - ThinkatripSystem - INFO - ☁️ Successfully backed up CMB_BLR_cover.jpg to GCP Bucket!
2026-08-05 08:30:56,147 - ThinkatripSystem - INFO - ☁️ Successfully backed up CMB_BLR_itin.jpg to GCP Bucket!
2026-08-05 08:31:49,522 - ThinkatripSystem - INFO - ☁️ Successfully backed up CMB_BLR_highlights.jpg to GCP Bucket!
2026-08-05 08:32:43,543 - ThinkatripSystem - INFO - 🔗 Public URLs generated successfully.
2026-08-05 08:33:05,651 - ThinkatripSystem - INFO - 📝 Recorded flight IN419 into PostgreSQL lookup registry.
2026-08-05 08:33:05,651 - ThinkatripSystem - INFO - 🚀 Success! Instagram Carousel live on feed. Object ID: 18002509136780608
2026-08-05 08:33:05,652 - ThinkatripSystem - INFO - 💤 Publication execution cycle finished.
Uploading 3-Slide Carousel to Instagram... 📸
Creating Carousel Slide 1 container...
Waiting for media container 18095282585636153 to be ready...
Creating Carousel Slide 2 container...
Waiting for media container 18095282600636153 to be ready...
Creating Carousel Slide 3 container...
Waiting for media container 18095282612636153 to be ready...
Packaging Carousel...
Waiting for media container 18095282624636153 to be ready...
Publishing to Instagram Feed...
Successfully posted Carousel to Instagram Feed! ✅ Post ID: 18002509136780608
/home/saishivas1996/thinkatrip-gcp/venv/lib/python3.10/site-packages/google/api_core/_python_version_support.py:255: FutureWarning: You are using a Python version (3.10.12) which Google will stop supporting in new releases of google.api_core once it reaches its end of life (2026-10-04). Please upgrade to the latest Python version, or at least Python 3.11, to continue receiving updates for google.api_core past that date.
  warnings.warn(message, FutureWarning)
2026-08-05 13:15:02,065 - ThinkatripSystem - INFO - 💾 PostgreSQL database connected and tables initialized.
2026-08-05 13:15:02,065 - ThinkatripSystem - INFO - ⏰ Travel Content System awake. Processing automated publication queue...
2026-08-05 13:15:02,084 - ThinkatripSystem - INFO - 🎨 Generating 3-Slide Carousel for Abu Dhabi...
2026-08-05 13:15:03,505 - ThinkatripSystem - INFO - ☁️ Successfully backed up AUH_HYD_cover.jpg to GCP Bucket!
2026-08-05 13:15:06,725 - ThinkatripSystem - INFO - ☁️ Successfully backed up AUH_HYD_itin.jpg to GCP Bucket!
2026-08-05 13:15:09,238 - ThinkatripSystem - INFO - ☁️ Successfully backed up AUH_HYD_highlights.jpg to GCP Bucket!
2026-08-05 13:15:10,528 - ThinkatripSystem - INFO - 🔗 Public URLs generated successfully.
2026-08-05 13:15:33,016 - ThinkatripSystem - INFO - 📝 Recorded flight AI537 into PostgreSQL lookup registry.
2026-08-05 13:15:33,016 - ThinkatripSystem - INFO - 🚀 Success! Instagram Carousel live on feed. Object ID: 17982541989025859
2026-08-05 13:15:33,016 - ThinkatripSystem - INFO - 💤 Publication execution cycle finished.
Uploading 3-Slide Carousel to Instagram... 📸
Creating Carousel Slide 1 container...
Waiting for media container 18095309783636153 to be ready...
Creating Carousel Slide 2 container...
Waiting for media container 18095309798636153 to be ready...
Creating Carousel Slide 3 container...
Waiting for media container 18095309810636153 to be ready...
Packaging Carousel...
Waiting for media container 18095309825636153 to be ready...
Publishing to Instagram Feed...
Successfully posted Carousel to Instagram Feed! ✅ Post ID: 17982541989025859
/home/saishivas1996/thinkatrip-gcp/venv/lib/python3.10/site-packages/google/api_core/_python_version_support.py:255: FutureWarning: You are using a Python version (3.10.12) which Google will stop supporting in new releases of google.api_core once it reaches its end of life (2026-10-04). Please upgrade to the latest Python version, or at least Python 3.11, to continue receiving updates for google.api_core past that date.
  warnings.warn(message, FutureWarning)
2026-08-05 18:30:02,673 - ThinkatripSystem - INFO - 💾 PostgreSQL database connected and tables initialized.
2026-08-05 18:30:02,674 - ThinkatripSystem - INFO - ⏰ Travel Content System awake. Processing automated publication queue...
2026-08-05 18:30:02,695 - ThinkatripSystem - INFO - 🎨 Generating 3-Slide Carousel for London...
2026-08-05 18:30:04,037 - ThinkatripSystem - INFO - ☁️ Successfully backed up LON_CCU_cover.jpg to GCP Bucket!
2026-08-05 18:30:07,707 - ThinkatripSystem - INFO - ☁️ Successfully backed up LON_CCU_itin.jpg to GCP Bucket!
2026-08-05 18:30:10,820 - ThinkatripSystem - INFO - ☁️ Successfully backed up LON_CCU_highlights.jpg to GCP Bucket!
2026-08-05 18:30:11,916 - ThinkatripSystem - INFO - 🔗 Public URLs generated successfully.
2026-08-05 18:30:29,009 - ThinkatripSystem - INFO - 📝 Recorded flight SI319 into PostgreSQL lookup registry.
2026-08-05 18:30:29,009 - ThinkatripSystem - INFO - 🚀 Success! Instagram Carousel live on feed. Object ID: 18088802453633604
2026-08-05 18:30:29,010 - ThinkatripSystem - INFO - 💤 Publication execution cycle finished.
Uploading 3-Slide Carousel to Instagram... 📸
Creating Carousel Slide 1 container...
Waiting for media container 18095349689636153 to be ready...
Creating Carousel Slide 2 container...
Waiting for media container 18095349704636153 to be ready...
Creating Carousel Slide 3 container...
Waiting for media container 18095349716636153 to be ready...
Packaging Carousel...
Waiting for media container 18095349728636153 to be ready...
Publishing to Instagram Feed...
Successfully posted Carousel to Instagram Feed! ✅ Post ID: 18088802453633604
/home/saishivas1996/thinkatrip-gcp/venv/lib/python3.10/site-packages/google/api_core/_python_version_support.py:255: FutureWarning: You are using a Python version (3.10.12) which Google will stop supporting in new releases of google.api_core once it reaches its end of life (2026-10-04). Please upgrade to the latest Python version, or at least Python 3.11, to continue receiving updates for google.api_core past that date.
  warnings.warn(message, FutureWarning)
2026-08-05 21:30:02,338 - ThinkatripSystem - INFO - 💾 PostgreSQL database connected and tables initialized.
2026-08-05 21:30:02,339 - ThinkatripSystem - INFO - ⏰ Travel Content System awake. Processing automated publication queue...
2026-08-05 21:30:02,365 - ThinkatripSystem - INFO - 🎨 Generating 3-Slide Carousel for Abu Dhabi...
2026-08-05 21:30:03,342 - ThinkatripSystem - INFO - ☁️ Successfully backed up AUH_MAA_cover.jpg to GCP Bucket!
2026-08-05 21:30:05,218 - ThinkatripSystem - INFO - ☁️ Successfully backed up AUH_MAA_itin.jpg to GCP Bucket!
2026-08-05 21:30:07,139 - ThinkatripSystem - INFO - ☁️ Successfully backed up AUH_MAA_highlights.jpg to GCP Bucket!
2026-08-05 21:30:08,129 - ThinkatripSystem - INFO - 🔗 Public URLs generated successfully.
2026-08-05 21:30:27,113 - ThinkatripSystem - INFO - 📝 Recorded flight IN480 into PostgreSQL lookup registry.
2026-08-05 21:30:27,113 - ThinkatripSystem - INFO - 🚀 Success! Instagram Carousel live on feed. Object ID: 18099511850617061
2026-08-05 21:30:27,113 - ThinkatripSystem - INFO - 💤 Publication execution cycle finished.
Uploading 3-Slide Carousel to Instagram... 📸
Creating Carousel Slide 1 container...
Waiting for media container 18095365997636153 to be ready...
Creating Carousel Slide 2 container...
Waiting for media container 18095366018636153 to be ready...
Creating Carousel Slide 3 container...
Waiting for media container 18095366048636153 to be ready...
Packaging Carousel...
Waiting for media container 18095366075636153 to be ready...
Publishing to Instagram Feed...
Successfully posted Carousel to Instagram Feed! ✅ Post ID: 18099511850617061
/home/saishivas1996/thinkatrip-gcp/venv/lib/python3.10/site-packages/google/api_core/_python_version_support.py:255: FutureWarning: You are using a Python version (3.10.12) which Google will stop supporting in new releases of google.api_core once it reaches its end of life (2026-10-04). Please upgrade to the latest Python version, or at least Python 3.11, to continue receiving updates for google.api_core past that date.
  warnings.warn(message, FutureWarning)
2026-08-06 08:30:02,495 - ThinkatripSystem - INFO - 💾 PostgreSQL database connected and tables initialized.
2026-08-06 08:30:02,495 - ThinkatripSystem - INFO - ⏰ Travel Content System awake. Processing automated publication queue...
2026-08-06 08:30:02,526 - ThinkatripSystem - INFO - 🎨 Generating 3-Slide Carousel for Hong Kong...
2026-08-06 08:30:03,847 - ThinkatripSystem - INFO - ☁️ Successfully backed up HKG_HYD_cover.jpg to GCP Bucket!
2026-08-06 08:30:06,342 - ThinkatripSystem - INFO - ☁️ Successfully backed up HKG_HYD_itin.jpg to GCP Bucket!
2026-08-06 08:30:08,651 - ThinkatripSystem - INFO - ☁️ Successfully backed up HKG_HYD_highlights.jpg to GCP Bucket!
2026-08-06 08:30:09,856 - ThinkatripSystem - INFO - 🔗 Public URLs generated successfully.
2026-08-06 08:30:28,775 - ThinkatripSystem - INFO - 📝 Recorded flight IN183 into PostgreSQL lookup registry.
2026-08-06 08:30:28,776 - ThinkatripSystem - INFO - 🚀 Success! Instagram Carousel live on feed. Object ID: 18611429800021601
2026-08-06 08:30:28,776 - ThinkatripSystem - INFO - 💤 Publication execution cycle finished.
Uploading 3-Slide Carousel to Instagram... 📸
Creating Carousel Slide 1 container...
Waiting for media container 18095419235636153 to be ready...
Creating Carousel Slide 2 container...
Waiting for media container 18095419247636153 to be ready...
Creating Carousel Slide 3 container...
Waiting for media container 18095419259636153 to be ready...
Packaging Carousel...
Waiting for media container 18095419274636153 to be ready...
Publishing to Instagram Feed...
Successfully posted Carousel to Instagram Feed! ✅ Post ID: 18611429800021601
/home/saishivas1996/thinkatrip-gcp/venv/lib/python3.10/site-packages/google/api_core/_python_version_support.py:255: FutureWarning: You are using a Python version (3.10.12) which Google will stop supporting in new releases of google.api_core once it reaches its end of life (2026-10-04). Please upgrade to the latest Python version, or at least Python 3.11, to continue receiving updates for google.api_core past that date.
  warnings.warn(message, FutureWarning)
2026-08-06 13:15:02,395 - ThinkatripSystem - INFO - 💾 PostgreSQL database connected and tables initialized.
2026-08-06 13:15:02,395 - ThinkatripSystem - INFO - ⏰ Travel Content System awake. Processing automated publication queue...
2026-08-06 13:15:02,425 - ThinkatripSystem - INFO - 🎨 Generating 3-Slide Carousel for Istanbul...
2026-08-06 13:15:03,900 - ThinkatripSystem - INFO - ☁️ Successfully backed up IST_COK_cover.jpg to GCP Bucket!
2026-08-06 13:15:06,270 - ThinkatripSystem - INFO - ☁️ Successfully backed up IST_COK_itin.jpg to GCP Bucket!
2026-08-06 13:15:08,395 - ThinkatripSystem - INFO - ☁️ Successfully backed up IST_COK_highlights.jpg to GCP Bucket!
2026-08-06 13:15:09,536 - ThinkatripSystem - INFO - 🔗 Public URLs generated successfully.
2026-08-06 13:15:30,616 - ThinkatripSystem - INFO - 📝 Recorded flight QA901 into PostgreSQL lookup registry.
2026-08-06 13:15:30,616 - ThinkatripSystem - INFO - 🚀 Success! Instagram Carousel live on feed. Object ID: 17903713794496734
2026-08-06 13:15:30,616 - ThinkatripSystem - INFO - 💤 Publication execution cycle finished.
Uploading 3-Slide Carousel to Instagram... 📸
Creating Carousel Slide 1 container...
Waiting for media container 18095446964636153 to be ready...
Creating Carousel Slide 2 container...
Waiting for media container 18095446979636153 to be ready...
Creating Carousel Slide 3 container...
Waiting for media container 18095446997636153 to be ready...
Packaging Carousel...
Waiting for media container 18095447009636153 to be ready...
Publishing to Instagram Feed...
Successfully posted Carousel to Instagram Feed! ✅ Post ID: 17903713794496734
/home/saishivas1996/thinkatrip-gcp/venv/lib/python3.10/site-packages/google/api_core/_python_version_support.py:255: FutureWarning: You are using a Python version (3.10.12) which Google will stop supporting in new releases of google.api_core once it reaches its end of life (2026-10-04). Please upgrade to the latest Python version, or at least Python 3.11, to continue receiving updates for google.api_core past that date.
  warnings.warn(message, FutureWarning)
2026-08-06 18:30:02,310 - ThinkatripSystem - INFO - 💾 PostgreSQL database connected and tables initialized.
2026-08-06 18:30:02,310 - ThinkatripSystem - INFO - ⏰ Travel Content System awake. Processing automated publication queue...
2026-08-06 18:30:02,337 - ThinkatripSystem - INFO - 🎨 Generating 3-Slide Carousel for Colombo...
2026-08-06 18:30:03,285 - ThinkatripSystem - INFO - ☁️ Successfully backed up CMB_COK_cover.jpg to GCP Bucket!
2026-08-06 18:30:05,731 - ThinkatripSystem - INFO - ☁️ Successfully backed up CMB_COK_itin.jpg to GCP Bucket!
2026-08-06 18:30:07,728 - ThinkatripSystem - INFO - ☁️ Successfully backed up CMB_COK_highlights.jpg to GCP Bucket!
2026-08-06 18:30:08,998 - ThinkatripSystem - INFO - 🔗 Public URLs generated successfully.
2026-08-06 18:30:32,935 - ThinkatripSystem - INFO - 📝 Recorded flight EM252 into PostgreSQL lookup registry.
2026-08-06 18:30:32,936 - ThinkatripSystem - INFO - 🚀 Success! Instagram Carousel live on feed. Object ID: 18099525041626113
2026-08-06 18:30:32,936 - ThinkatripSystem - INFO - 💤 Publication execution cycle finished.
Uploading 3-Slide Carousel to Instagram... 📸
Creating Carousel Slide 1 container...
Waiting for media container 18095491445636153 to be ready...
Creating Carousel Slide 2 container...
Waiting for media container 18095491469636153 to be ready...
Creating Carousel Slide 3 container...
Waiting for media container 18095491493636153 to be ready...
Packaging Carousel...
Waiting for media container 18095491514636153 to be ready...
Publishing to Instagram Feed...
Successfully posted Carousel to Instagram Feed! ✅ Post ID: 18099525041626113
/home/saishivas1996/thinkatrip-gcp/venv/lib/python3.10/site-packages/google/api_core/_python_version_support.py:255: FutureWarning: You are using a Python version (3.10.12) which Google will stop supporting in new releases of google.api_core once it reaches its end of life (2026-10-04). Please upgrade to the latest Python version, or at least Python 3.11, to continue receiving updates for google.api_core past that date.
  warnings.warn(message, FutureWarning)
2026-08-06 21:30:02,464 - ThinkatripSystem - INFO - 💾 PostgreSQL database connected and tables initialized.
2026-08-06 21:30:02,465 - ThinkatripSystem - INFO - ⏰ Travel Content System awake. Processing automated publication queue...
2026-08-06 21:30:02,494 - ThinkatripSystem - INFO - 🎨 Generating 3-Slide Carousel for Singapore...
2026-08-06 21:30:04,489 - ThinkatripSystem - INFO - ☁️ Successfully backed up SIN_COK_cover.jpg to GCP Bucket!
2026-08-06 21:30:06,776 - ThinkatripSystem - INFO - ☁️ Successfully backed up SIN_COK_itin.jpg to GCP Bucket!
2026-08-06 21:30:09,136 - ThinkatripSystem - INFO - ☁️ Successfully backed up SIN_COK_highlights.jpg to GCP Bucket!
2026-08-06 21:30:10,296 - ThinkatripSystem - INFO - 🔗 Public URLs generated successfully.
2026-08-06 21:30:30,194 - ThinkatripSystem - INFO - 📝 Recorded flight SI357 into PostgreSQL lookup registry.
2026-08-06 21:30:30,194 - ThinkatripSystem - INFO - 🚀 Success! Instagram Carousel live on feed. Object ID: 18118795900677106
2026-08-06 21:30:30,194 - ThinkatripSystem - INFO - 💤 Publication execution cycle finished.
Uploading 3-Slide Carousel to Instagram... 📸
Creating Carousel Slide 1 container...
Waiting for media container 18095505911636153 to be ready...
Creating Carousel Slide 2 container...
Waiting for media container 18095505929636153 to be ready...
Creating Carousel Slide 3 container...
Waiting for media container 18095505944636153 to be ready...
Packaging Carousel...
Waiting for media container 18095505959636153 to be ready...
Publishing to Instagram Feed...
Successfully posted Carousel to Instagram Feed! ✅ Post ID: 18118795900677106
/home/saishivas1996/thinkatrip-gcp/venv/lib/python3.10/site-packages/google/api_core/_python_version_support.py:255: FutureWarning: You are using a Python version (3.10.12) which Google will stop supporting in new releases of google.api_core once it reaches its end of life (2026-10-04). Please upgrade to the latest Python version, or at least Python 3.11, to continue receiving updates for google.api_core past that date.
  warnings.warn(message, FutureWarning)
2026-08-07 08:30:02,588 - ThinkatripSystem - INFO - 💾 PostgreSQL database connected and tables initialized.
2026-08-07 08:30:02,588 - ThinkatripSystem - INFO - ⏰ Travel Content System awake. Processing automated publication queue...
2026-08-07 08:30:02,614 - ThinkatripSystem - INFO - 🎨 Generating 3-Slide Carousel for Bhairahawa / Lumbini...
2026-08-07 08:30:03,981 - ThinkatripSystem - INFO - ☁️ Successfully backed up BWA_BOM_cover.jpg to GCP Bucket!
2026-08-07 08:30:06,875 - ThinkatripSystem - INFO - ☁️ Successfully backed up BWA_BOM_itin.jpg to GCP Bucket!
2026-08-07 08:30:09,745 - ThinkatripSystem - INFO - ☁️ Successfully backed up BWA_BOM_highlights.jpg to GCP Bucket!
2026-08-07 08:30:10,760 - ThinkatripSystem - INFO - 🔗 Public URLs generated successfully.
2026-08-07 08:30:29,977 - ThinkatripSystem - INFO - 📝 Recorded flight AI317 into PostgreSQL lookup registry.
2026-08-07 08:30:29,978 - ThinkatripSystem - INFO - 🚀 Success! Instagram Carousel live on feed. Object ID: 18130650073644906
2026-08-07 08:30:29,978 - ThinkatripSystem - INFO - 💤 Publication execution cycle finished.
Uploading 3-Slide Carousel to Instagram... 📸
Creating Carousel Slide 1 container...
Waiting for media container 18095559926636153 to be ready...
Creating Carousel Slide 2 container...
Waiting for media container 18095559944636153 to be ready...
Creating Carousel Slide 3 container...
Waiting for media container 18095559956636153 to be ready...
Packaging Carousel...
Waiting for media container 18095559968636153 to be ready...
Publishing to Instagram Feed...
Successfully posted Carousel to Instagram Feed! ✅ Post ID: 18130650073644906
/home/saishivas1996/thinkatrip-gcp/venv/lib/python3.10/site-packages/google/api_core/_python_version_support.py:255: FutureWarning: You are using a Python version (3.10.12) which Google will stop supporting in new releases of google.api_core once it reaches its end of life (2026-10-04). Please upgrade to the latest Python version, or at least Python 3.11, to continue receiving updates for google.api_core past that date.
  warnings.warn(message, FutureWarning)
2026-08-07 13:15:02,615 - ThinkatripSystem - INFO - 💾 PostgreSQL database connected and tables initialized.
2026-08-07 13:15:02,616 - ThinkatripSystem - INFO - ⏰ Travel Content System awake. Processing automated publication queue...
2026-08-07 13:15:02,646 - ThinkatripSystem - INFO - 🎨 Generating 3-Slide Carousel for Bali...
2026-08-07 13:15:03,737 - ThinkatripSystem - INFO - ☁️ Successfully backed up DPS_BOM_cover.jpg to GCP Bucket!
2026-08-07 13:15:05,943 - ThinkatripSystem - INFO - ☁️ Successfully backed up DPS_BOM_itin.jpg to GCP Bucket!
2026-08-07 13:15:08,029 - ThinkatripSystem - INFO - ☁️ Successfully backed up DPS_BOM_highlights.jpg to GCP Bucket!
2026-08-07 13:15:08,974 - ThinkatripSystem - INFO - 🔗 Public URLs generated successfully.
2026-08-07 13:15:29,725 - ThinkatripSystem - INFO - 📝 Recorded flight VI485 into PostgreSQL lookup registry.
2026-08-07 13:15:29,725 - ThinkatripSystem - INFO - 🚀 Success! Instagram Carousel live on feed. Object ID: 17941198836273422
2026-08-07 13:15:29,725 - ThinkatripSystem - INFO - 💤 Publication execution cycle finished.
Uploading 3-Slide Carousel to Instagram... 📸
Creating Carousel Slide 1 container...
Waiting for media container 18095597402636153 to be ready...
Creating Carousel Slide 2 container...
Waiting for media container 18095597414636153 to be ready...
Creating Carousel Slide 3 container...
Waiting for media container 18095597432636153 to be ready...
Packaging Carousel...
Waiting for media container 18095597444636153 to be ready...
Publishing to Instagram Feed...
Successfully posted Carousel to Instagram Feed! ✅ Post ID: 17941198836273422
/home/saishivas1996/thinkatrip-gcp/venv/lib/python3.10/site-packages/google/api_core/_python_version_support.py:255: FutureWarning: You are using a Python version (3.10.12) which Google will stop supporting in new releases of google.api_core once it reaches its end of life (2026-10-04). Please upgrade to the latest Python version, or at least Python 3.11, to continue receiving updates for google.api_core past that date.
  warnings.warn(message, FutureWarning)
2026-08-07 18:30:02,278 - ThinkatripSystem - INFO - 💾 PostgreSQL database connected and tables initialized.
2026-08-07 18:30:02,278 - ThinkatripSystem - INFO - ⏰ Travel Content System awake. Processing automated publication queue...
2026-08-07 18:30:02,307 - ThinkatripSystem - INFO - 🎨 Generating 3-Slide Carousel for Hong Kong...
2026-08-07 18:30:03,139 - ThinkatripSystem - INFO - ☁️ Successfully backed up HKG_HYD_cover.jpg to GCP Bucket!
2026-08-07 18:30:05,056 - ThinkatripSystem - INFO - ☁️ Successfully backed up HKG_HYD_itin.jpg to GCP Bucket!
2026-08-07 18:30:06,977 - ThinkatripSystem - INFO - ☁️ Successfully backed up HKG_HYD_highlights.jpg to GCP Bucket!
2026-08-07 18:30:08,625 - ThinkatripSystem - INFO - 🔗 Public URLs generated successfully.
2026-08-07 18:30:19,550 - ThinkatripSystem - ERROR - ❌ A critical error occurred in the workflow: Failed to create slide 1. Response: {'error': {'message': 'Timeout', 'type': 'OAuthException', 'code': -2, 'error_subcode': 2207003, 'is_transient': False, 'error_user_title': 'Timeout', 'error_user_msg': 'It takes too long to download the media.', 'fbtrace_id': 'ApO0-4bBkhgFPRQTMEzIOLV'}}
Uploading 3-Slide Carousel to Instagram... 📸
Creating Carousel Slide 1 container...
❌ Instagram API Error: Failed to create slide 1. Response: {'error': {'message': 'Timeout', 'type': 'OAuthException', 'code': -2, 'error_subcode': 2207003, 'is_transient': False, 'error_user_title': 'Timeout', 'error_user_msg': 'It takes too long to download the media.', 'fbtrace_id': 'ApO0-4bBkhgFPRQTMEzIOLV'}}
Traceback (most recent call last):
  File "/home/saishivas1996/thinkatrip-gcp/agent_main.py", line 583, in <module>
    asyncio.run(main())
  File "/usr/lib/python3.10/asyncio/runners.py", line 44, in run
    return loop.run_until_complete(main)
  File "/usr/lib/python3.10/asyncio/base_events.py", line 649, in run_until_complete
    return future.result()
  File "/home/saishivas1996/thinkatrip-gcp/agent_main.py", line 580, in main
    await execute_daily_agent_run()
  File "/home/saishivas1996/thinkatrip-gcp/agent_main.py", line 573, in execute_daily_agent_run
    raise e
  File "/home/saishivas1996/thinkatrip-gcp/agent_main.py", line 569, in execute_daily_agent_run
    result_message = generate_and_post_to_instagram(deal_json_string)
  File "/home/saishivas1996/thinkatrip-gcp/agent_main.py", line 557, in generate_and_post_to_instagram
    post_id = poster.post_carousel(deal=deal, itinerary=itinerary, image_urls=[deal_url, itin_url, highlights_url])
  File "/home/saishivas1996/thinkatrip-gcp/agent_main.py", line 526, in post_carousel
    raise e
  File "/home/saishivas1996/thinkatrip-gcp/agent_main.py", line 501, in post_carousel
    if not container_id: raise Exception(f"Failed to create slide {i+1}. Response: {res}")
Exception: Failed to create slide 1. Response: {'error': {'message': 'Timeout', 'type': 'OAuthException', 'code': -2, 'error_subcode': 2207003, 'is_transient': False, 'error_user_title': 'Timeout', 'error_user_msg': 'It takes too long to download the media.', 'fbtrace_id': 'ApO0-4bBkhgFPRQTMEzIOLV'}}
/home/saishivas1996/thinkatrip-gcp/venv/lib/python3.10/site-packages/google/api_core/_python_version_support.py:255: FutureWarning: You are using a Python version (3.10.12) which Google will stop supporting in new releases of google.api_core once it reaches its end of life (2026-10-04). Please upgrade to the latest Python version, or at least Python 3.11, to continue receiving updates for google.api_core past that date.
  warnings.warn(message, FutureWarning)
2026-08-07 21:30:03,070 - ThinkatripSystem - INFO - 💾 PostgreSQL database connected and tables initialized.
2026-08-07 21:30:03,070 - ThinkatripSystem - INFO - ⏰ Travel Content System awake. Processing automated publication queue...
2026-08-07 21:30:03,102 - ThinkatripSystem - INFO - 🎨 Generating 3-Slide Carousel for Istanbul...
2026-08-07 21:30:04,403 - ThinkatripSystem - INFO - ☁️ Successfully backed up IST_COK_cover.jpg to GCP Bucket!
2026-08-07 21:30:06,507 - ThinkatripSystem - INFO - ☁️ Successfully backed up IST_COK_itin.jpg to GCP Bucket!
2026-08-07 21:30:08,424 - ThinkatripSystem - INFO - ☁️ Successfully backed up IST_COK_highlights.jpg to GCP Bucket!
2026-08-07 21:30:09,543 - ThinkatripSystem - INFO - 🔗 Public URLs generated successfully.
2026-08-07 21:30:18,520 - ThinkatripSystem - ERROR - ❌ A critical error occurred in the workflow: Failed to create slide 1. Response: {'error': {'message': 'Only photo or video can be accepted as media type.', 'type': 'OAuthException', 'code': 9004, 'error_subcode': 2207052, 'is_transient': False, 'error_user_title': "Media download has failed. The media URI doesn't meet our requirements.", 'error_user_msg': 'The media could not be fetched from this URI: https://i.ibb.co/nNgm55KY/IST-COK-cover.jpg.Please check the limitations section in our development document for more information: https://developers.facebook.com/docs/instagram-platform/instagram-graph-api/reference/ig-user/media#creating', 'fbtrace_id': 'As-xUL2ftmaLEvOBD-6CrqE'}}
Uploading 3-Slide Carousel to Instagram... 📸
Creating Carousel Slide 1 container...
❌ Instagram API Error: Failed to create slide 1. Response: {'error': {'message': 'Only photo or video can be accepted as media type.', 'type': 'OAuthException', 'code': 9004, 'error_subcode': 2207052, 'is_transient': False, 'error_user_title': "Media download has failed. The media URI doesn't meet our requirements.", 'error_user_msg': 'The media could not be fetched from this URI: https://i.ibb.co/nNgm55KY/IST-COK-cover.jpg.Please check the limitations section in our development document for more information: https://developers.facebook.com/docs/instagram-platform/instagram-graph-api/reference/ig-user/media#creating', 'fbtrace_id': 'As-xUL2ftmaLEvOBD-6CrqE'}}
Traceback (most recent call last):
  File "/home/saishivas1996/thinkatrip-gcp/agent_main.py", line 583, in <module>
    asyncio.run(main())
  File "/usr/lib/python3.10/asyncio/runners.py", line 44, in run
    return loop.run_until_complete(main)
  File "/usr/lib/python3.10/asyncio/base_events.py", line 649, in run_until_complete
    return future.result()
  File "/home/saishivas1996/thinkatrip-gcp/agent_main.py", line 580, in main
    await execute_daily_agent_run()
  File "/home/saishivas1996/thinkatrip-gcp/agent_main.py", line 573, in execute_daily_agent_run
    raise e
  File "/home/saishivas1996/thinkatrip-gcp/agent_main.py", line 569, in execute_daily_agent_run
    result_message = generate_and_post_to_instagram(deal_json_string)
  File "/home/saishivas1996/thinkatrip-gcp/agent_main.py", line 557, in generate_and_post_to_instagram
    post_id = poster.post_carousel(deal=deal, itinerary=itinerary, image_urls=[deal_url, itin_url, highlights_url])
  File "/home/saishivas1996/thinkatrip-gcp/agent_main.py", line 526, in post_carousel
    raise e
  File "/home/saishivas1996/thinkatrip-gcp/agent_main.py", line 501, in post_carousel
    if not container_id: raise Exception(f"Failed to create slide {i+1}. Response: {res}")
Exception: Failed to create slide 1. Response: {'error': {'message': 'Only photo or video can be accepted as media type.', 'type': 'OAuthException', 'code': 9004, 'error_subcode': 2207052, 'is_transient': False, 'error_user_title': "Media download has failed. The media URI doesn't meet our requirements.", 'error_user_msg': 'The media could not be fetched from this URI: https://i.ibb.co/nNgm55KY/IST-COK-cover.jpg.Please check the limitations section in our development document for more information: https://developers.facebook.com/docs/instagram-platform/instagram-graph-api/reference/ig-user/media#creating', 'fbtrace_id': 'As-xUL2ftmaLEvOBD-6CrqE'}}
/home/saishivas1996/thinkatrip-gcp/venv/lib/python3.10/site-packages/google/api_core/_python_version_support.py:255: FutureWarning: You are using a Python version (3.10.12) which Google will stop supporting in new releases of google.api_core once it reaches its end of life (2026-10-04). Please upgrade to the latest Python version, or at least Python 3.11, to continue receiving updates for google.api_core past that date.
  warnings.warn(message, FutureWarning)
2026-08-08 08:30:02,911 - ThinkatripSystem - INFO - 💾 PostgreSQL database connected and tables initialized.
2026-08-08 08:30:02,911 - ThinkatripSystem - INFO - ⏰ Travel Content System awake. Processing automated publication queue...
2026-08-08 08:30:02,942 - ThinkatripSystem - INFO - 🎨 Generating 3-Slide Carousel for Sydney...
2026-08-08 08:30:04,895 - ThinkatripSystem - INFO - ☁️ Successfully backed up SYD_BLR_cover.jpg to GCP Bucket!
2026-08-08 08:30:07,307 - ThinkatripSystem - INFO - ☁️ Successfully backed up SYD_BLR_itin.jpg to GCP Bucket!
2026-08-08 08:30:09,589 - ThinkatripSystem - INFO - ☁️ Successfully backed up SYD_BLR_highlights.jpg to GCP Bucket!
2026-08-08 08:30:10,684 - ThinkatripSystem - INFO - 🔗 Public URLs generated successfully.
2026-08-08 08:30:32,853 - ThinkatripSystem - INFO - 📝 Recorded flight AI115 into PostgreSQL lookup registry.
2026-08-08 08:30:32,853 - ThinkatripSystem - INFO - 🚀 Success! Instagram Carousel live on feed. Object ID: 18326440591272310
2026-08-08 08:30:32,853 - ThinkatripSystem - INFO - 💤 Publication execution cycle finished.
Uploading 3-Slide Carousel to Instagram... 📸
Creating Carousel Slide 1 container...
Waiting for media container 18095718716636153 to be ready...
Creating Carousel Slide 2 container...
Waiting for media container 18095718731636153 to be ready...
Creating Carousel Slide 3 container...
Waiting for media container 18095718743636153 to be ready...
Packaging Carousel...
Waiting for media container 18095718764636153 to be ready...
Publishing to Instagram Feed...
Successfully posted Carousel to Instagram Feed! ✅ Post ID: 18326440591272310
/home/saishivas1996/thinkatrip-gcp/venv/lib/python3.10/site-packages/google/api_core/_python_version_support.py:255: FutureWarning: You are using a Python version (3.10.12) which Google will stop supporting in new releases of google.api_core once it reaches its end of life (2026-10-04). Please upgrade to the latest Python version, or at least Python 3.11, to continue receiving updates for google.api_core past that date.
  warnings.warn(message, FutureWarning)
2026-08-08 13:15:02,595 - ThinkatripSystem - INFO - 💾 PostgreSQL database connected and tables initialized.
2026-08-08 13:15:02,596 - ThinkatripSystem - INFO - ⏰ Travel Content System awake. Processing automated publication queue...
2026-08-08 13:15:02,625 - ThinkatripSystem - INFO - 🎨 Generating 3-Slide Carousel for Colombo...
2026-08-08 13:15:03,592 - ThinkatripSystem - INFO - ☁️ Successfully backed up CMB_MAA_cover.jpg to GCP Bucket!
2026-08-08 13:15:06,038 - ThinkatripSystem - INFO - ☁️ Successfully backed up CMB_MAA_itin.jpg to GCP Bucket!
2026-08-08 13:15:07,883 - ThinkatripSystem - INFO - ☁️ Successfully backed up CMB_MAA_highlights.jpg to GCP Bucket!
2026-08-08 13:15:09,150 - ThinkatripSystem - INFO - 🔗 Public URLs generated successfully.
2026-08-08 13:15:32,352 - ThinkatripSystem - INFO - 📝 Recorded flight SI593 into PostgreSQL lookup registry.
2026-08-08 13:15:32,352 - ThinkatripSystem - INFO - 🚀 Success! Instagram Carousel live on feed. Object ID: 18437242891133725
2026-08-08 13:15:32,352 - ThinkatripSystem - INFO - 💤 Publication execution cycle finished.
Uploading 3-Slide Carousel to Instagram... 📸
Creating Carousel Slide 1 container...
Waiting for media container 18095745980636153 to be ready...
Creating Carousel Slide 2 container...
Waiting for media container 18095746004636153 to be ready...
Creating Carousel Slide 3 container...
Waiting for media container 18095746025636153 to be ready...
Packaging Carousel...
Waiting for media container 18095746055636153 to be ready...
Publishing to Instagram Feed...
Successfully posted Carousel to Instagram Feed! ✅ Post ID: 18437242891133725
/home/saishivas1996/thinkatrip-gcp/venv/lib/python3.10/site-packages/google/api_core/_python_version_support.py:255: FutureWarning: You are using a Python version (3.10.12) which Google will stop supporting in new releases of google.api_core once it reaches its end of life (2026-10-04). Please upgrade to the latest Python version, or at least Python 3.11, to continue receiving updates for google.api_core past that date.
  warnings.warn(message, FutureWarning)
2026-08-08 18:30:02,969 - ThinkatripSystem - INFO - 💾 PostgreSQL database connected and tables initialized.
2026-08-08 18:30:02,969 - ThinkatripSystem - INFO - ⏰ Travel Content System awake. Processing automated publication queue...
2026-08-08 18:30:02,995 - ThinkatripSystem - INFO - 🎨 Generating 3-Slide Carousel for Doha...
2026-08-08 18:30:04,114 - ThinkatripSystem - INFO - ☁️ Successfully backed up DOH_BLR_cover.jpg to GCP Bucket!
2026-08-08 18:30:06,726 - ThinkatripSystem - INFO - ☁️ Successfully backed up DOH_BLR_itin.jpg to GCP Bucket!
2026-08-08 18:30:08,914 - ThinkatripSystem - INFO - ☁️ Successfully backed up DOH_BLR_highlights.jpg to GCP Bucket!
2026-08-08 18:30:10,577 - ThinkatripSystem - INFO - 🔗 Public URLs generated successfully.
2026-08-08 18:30:36,223 - ThinkatripSystem - INFO - 📝 Recorded flight TH169 into PostgreSQL lookup registry.
2026-08-08 18:30:36,223 - ThinkatripSystem - INFO - 🚀 Success! Instagram Carousel live on feed. Object ID: 18385295821206638
2026-08-08 18:30:36,223 - ThinkatripSystem - INFO - 💤 Publication execution cycle finished.
Uploading 3-Slide Carousel to Instagram... 📸
Creating Carousel Slide 1 container...
Waiting for media container 18095785712636153 to be ready...
Creating Carousel Slide 2 container...
Waiting for media container 18095785727636153 to be ready...
Creating Carousel Slide 3 container...
Waiting for media container 18095785742636153 to be ready...
Packaging Carousel...
Waiting for media container 18095785757636153 to be ready...
Publishing to Instagram Feed...
Successfully posted Carousel to Instagram Feed! ✅ Post ID: 18385295821206638
/home/saishivas1996/thinkatrip-gcp/venv/lib/python3.10/site-packages/google/api_core/_python_version_support.py:255: FutureWarning: You are using a Python version (3.10.12) which Google will stop supporting in new releases of google.api_core once it reaches its end of life (2026-10-04). Please upgrade to the latest Python version, or at least Python 3.11, to continue receiving updates for google.api_core past that date.
  warnings.warn(message, FutureWarning)
2026-08-08 21:30:02,531 - ThinkatripSystem - INFO - 💾 PostgreSQL database connected and tables initialized.
2026-08-08 21:30:02,531 - ThinkatripSystem - INFO - ⏰ Travel Content System awake. Processing automated publication queue...
2026-08-08 21:30:02,557 - ThinkatripSystem - INFO - 🎨 Generating 3-Slide Carousel for Kathmandu...
2026-08-08 21:30:04,018 - ThinkatripSystem - INFO - ☁️ Successfully backed up KTM_COK_cover.jpg to GCP Bucket!
2026-08-08 21:30:06,174 - ThinkatripSystem - INFO - ☁️ Successfully backed up KTM_COK_itin.jpg to GCP Bucket!
2026-08-08 21:30:08,225 - ThinkatripSystem - INFO - ☁️ Successfully backed up KTM_COK_highlights.jpg to GCP Bucket!
2026-08-08 21:30:09,420 - ThinkatripSystem - INFO - 🔗 Public URLs generated successfully.
2026-08-08 21:30:31,751 - ThinkatripSystem - INFO - 📝 Recorded flight VI654 into PostgreSQL lookup registry.
2026-08-08 21:30:31,751 - ThinkatripSystem - INFO - 🚀 Success! Instagram Carousel live on feed. Object ID: 18096862001357017
2026-08-08 21:30:31,751 - ThinkatripSystem - INFO - 💤 Publication execution cycle finished.
Uploading 3-Slide Carousel to Instagram... 📸
Creating Carousel Slide 1 container...
Waiting for media container 18095801054636153 to be ready...
Creating Carousel Slide 2 container...
Waiting for media container 18095801066636153 to be ready...
Creating Carousel Slide 3 container...
Waiting for media container 18095801096636153 to be ready...
Packaging Carousel...
Waiting for media container 18095801108636153 to be ready...
Publishing to Instagram Feed...
Successfully posted Carousel to Instagram Feed! ✅ Post ID: 18096862001357017
/home/saishivas1996/thinkatrip-gcp/venv/lib/python3.10/site-packages/google/api_core/_python_version_support.py:255: FutureWarning: You are using a Python version (3.10.12) which Google will stop supporting in new releases of google.api_core once it reaches its end of life (2026-10-04). Please upgrade to the latest Python version, or at least Python 3.11, to continue receiving updates for google.api_core past that date.
  warnings.warn(message, FutureWarning)
2026-08-09 08:30:01,982 - ThinkatripSystem - INFO - 💾 PostgreSQL database connected and tables initialized.
2026-08-09 08:30:01,983 - ThinkatripSystem - INFO - ⏰ Travel Content System awake. Processing automated publication queue...
2026-08-09 08:30:02,010 - ThinkatripSystem - INFO - 🎨 Generating 3-Slide Carousel for Manila...
2026-08-09 08:30:03,016 - ThinkatripSystem - INFO - ☁️ Successfully backed up MNL_MAA_cover.jpg to GCP Bucket!
2026-08-09 08:30:05,077 - ThinkatripSystem - INFO - ☁️ Successfully backed up MNL_MAA_itin.jpg to GCP Bucket!
2026-08-09 08:30:06,963 - ThinkatripSystem - INFO - ☁️ Successfully backed up MNL_MAA_highlights.jpg to GCP Bucket!
2026-08-09 08:30:07,879 - ThinkatripSystem - INFO - 🔗 Public URLs generated successfully.
2026-08-09 08:30:28,351 - ThinkatripSystem - INFO - 📝 Recorded flight IN202 into PostgreSQL lookup registry.
2026-08-09 08:30:28,352 - ThinkatripSystem - INFO - 🚀 Success! Instagram Carousel live on feed. Object ID: 18131594164637646
2026-08-09 08:30:28,352 - ThinkatripSystem - INFO - 💤 Publication execution cycle finished.
Uploading 3-Slide Carousel to Instagram... 📸
Creating Carousel Slide 1 container...
Waiting for media container 18095863418636153 to be ready...
Creating Carousel Slide 2 container...
Waiting for media container 18095863430636153 to be ready...
Creating Carousel Slide 3 container...
Waiting for media container 18095863442636153 to be ready...
Packaging Carousel...
Waiting for media container 18095863457636153 to be ready...
Publishing to Instagram Feed...
Successfully posted Carousel to Instagram Feed! ✅ Post ID: 18131594164637646
/home/saishivas1996/thinkatrip-gcp/venv/lib/python3.10/site-packages/google/api_core/_python_version_support.py:255: FutureWarning: You are using a Python version (3.10.12) which Google will stop supporting in new releases of google.api_core once it reaches its end of life (2026-10-04). Please upgrade to the latest Python version, or at least Python 3.11, to continue receiving updates for google.api_core past that date.
  warnings.warn(message, FutureWarning)
2026-08-09 13:15:02,743 - ThinkatripSystem - INFO - 💾 PostgreSQL database connected and tables initialized.
2026-08-09 13:15:02,743 - ThinkatripSystem - INFO - ⏰ Travel Content System awake. Processing automated publication queue...
2026-08-09 13:15:02,765 - ThinkatripSystem - INFO - 🎨 Generating 3-Slide Carousel for Abu Dhabi...
2026-08-09 13:15:04,178 - ThinkatripSystem - INFO - ☁️ Successfully backed up AUH_BLR_cover.jpg to GCP Bucket!
2026-08-09 13:15:06,332 - ThinkatripSystem - INFO - ☁️ Successfully backed up AUH_BLR_itin.jpg to GCP Bucket!
2026-08-09 13:15:08,461 - ThinkatripSystem - INFO - ☁️ Successfully backed up AUH_BLR_highlights.jpg to GCP Bucket!
2026-08-09 13:15:10,356 - ThinkatripSystem - INFO - 🔗 Public URLs generated successfully.
2026-08-09 13:15:31,891 - ThinkatripSystem - INFO - 📝 Recorded flight AI903 into PostgreSQL lookup registry.
2026-08-09 13:15:31,891 - ThinkatripSystem - INFO - 🚀 Success! Instagram Carousel live on feed. Object ID: 18120996148802597
2026-08-09 13:15:31,892 - ThinkatripSystem - INFO - 💤 Publication execution cycle finished.
Uploading 3-Slide Carousel to Instagram... 📸
Creating Carousel Slide 1 container...
Waiting for media container 18095899763636153 to be ready...
Creating Carousel Slide 2 container...
Waiting for media container 18095899784636153 to be ready...
Creating Carousel Slide 3 container...
Waiting for media container 18095899805636153 to be ready...
Packaging Carousel...
Waiting for media container 18095899838636153 to be ready...
Publishing to Instagram Feed...
Successfully posted Carousel to Instagram Feed! ✅ Post ID: 18120996148802597
/home/saishivas1996/thinkatrip-gcp/venv/lib/python3.10/site-packages/google/api_core/_python_version_support.py:255: FutureWarning: You are using a Python version (3.10.12) which Google will stop supporting in new releases of google.api_core once it reaches its end of life (2026-10-04). Please upgrade to the latest Python version, or at least Python 3.11, to continue receiving updates for google.api_core past that date.
  warnings.warn(message, FutureWarning)
2026-08-09 18:30:02,270 - ThinkatripSystem - INFO - 💾 PostgreSQL database connected and tables initialized.
2026-08-09 18:30:02,271 - ThinkatripSystem - INFO - ⏰ Travel Content System awake. Processing automated publication queue...
2026-08-09 18:30:02,299 - ThinkatripSystem - INFO - 🎨 Generating 3-Slide Carousel for Singapore...
2026-08-09 18:30:03,746 - ThinkatripSystem - INFO - ☁️ Successfully backed up SIN_BOM_cover.jpg to GCP Bucket!
2026-08-09 18:30:06,077 - ThinkatripSystem - INFO - ☁️ Successfully backed up SIN_BOM_itin.jpg to GCP Bucket!
2026-08-09 18:30:08,373 - ThinkatripSystem - INFO - ☁️ Successfully backed up SIN_BOM_highlights.jpg to GCP Bucket!
2026-08-09 18:30:09,554 - ThinkatripSystem - INFO - 🔗 Public URLs generated successfully.
2026-08-09 18:30:43,299 - ThinkatripSystem - INFO - 📝 Recorded flight VI299 into PostgreSQL lookup registry.
2026-08-09 18:30:43,300 - ThinkatripSystem - INFO - 🚀 Success! Instagram Carousel live on feed. Object ID: 17954309655203967
2026-08-09 18:30:43,300 - ThinkatripSystem - INFO - 💤 Publication execution cycle finished.
Uploading 3-Slide Carousel to Instagram... 📸
Creating Carousel Slide 1 container...
Waiting for media container 18095938979636153 to be ready...
Creating Carousel Slide 2 container...
Waiting for media container 18095939000636153 to be ready...
Creating Carousel Slide 3 container...
Waiting for media container 18095939045636153 to be ready...
Packaging Carousel...
Waiting for media container 18095939063636153 to be ready...
Publishing to Instagram Feed...
Successfully posted Carousel to Instagram Feed! ✅ Post ID: 17954309655203967
/home/saishivas1996/thinkatrip-gcp/venv/lib/python3.10/site-packages/google/api_core/_python_version_support.py:255: FutureWarning: You are using a Python version (3.10.12) which Google will stop supporting in new releases of google.api_core once it reaches its end of life (2026-10-04). Please upgrade to the latest Python version, or at least Python 3.11, to continue receiving updates for google.api_core past that date.
  warnings.warn(message, FutureWarning)
2026-08-09 21:30:02,339 - ThinkatripSystem - INFO - 💾 PostgreSQL database connected and tables initialized.
2026-08-09 21:30:02,339 - ThinkatripSystem - INFO - ⏰ Travel Content System awake. Processing automated publication queue...
2026-08-09 21:30:02,358 - ThinkatripSystem - INFO - 🎨 Generating 3-Slide Carousel for London...
2026-08-09 21:30:03,566 - ThinkatripSystem - INFO - ☁️ Successfully backed up LON_BLR_cover.jpg to GCP Bucket!
2026-08-09 21:30:05,894 - ThinkatripSystem - INFO - ☁️ Successfully backed up LON_BLR_itin.jpg to GCP Bucket!
2026-08-09 21:30:08,275 - ThinkatripSystem - INFO - ☁️ Successfully backed up LON_BLR_highlights.jpg to GCP Bucket!
2026-08-09 21:30:09,489 - ThinkatripSystem - INFO - 🔗 Public URLs generated successfully.
2026-08-09 21:30:20,159 - ThinkatripSystem - ERROR - ❌ A critical error occurred in the workflow: Failed to create slide 1. Response: {'error': {'message': 'Timeout', 'type': 'OAuthException', 'code': -2, 'error_subcode': 2207003, 'is_transient': False, 'error_user_title': 'Timeout', 'error_user_msg': 'It takes too long to download the media.', 'fbtrace_id': 'AcqbeyLYi1OpEFdd8RWcWOf'}}
Uploading 3-Slide Carousel to Instagram... 📸
Creating Carousel Slide 1 container...
❌ Instagram API Error: Failed to create slide 1. Response: {'error': {'message': 'Timeout', 'type': 'OAuthException', 'code': -2, 'error_subcode': 2207003, 'is_transient': False, 'error_user_title': 'Timeout', 'error_user_msg': 'It takes too long to download the media.', 'fbtrace_id': 'AcqbeyLYi1OpEFdd8RWcWOf'}}
Traceback (most recent call last):
  File "/home/saishivas1996/thinkatrip-gcp/agent_main.py", line 583, in <module>
    asyncio.run(main())
  File "/usr/lib/python3.10/asyncio/runners.py", line 44, in run
    return loop.run_until_complete(main)
  File "/usr/lib/python3.10/asyncio/base_events.py", line 649, in run_until_complete
    return future.result()
  File "/home/saishivas1996/thinkatrip-gcp/agent_main.py", line 580, in main
    await execute_daily_agent_run()
  File "/home/saishivas1996/thinkatrip-gcp/agent_main.py", line 573, in execute_daily_agent_run
    raise e
  File "/home/saishivas1996/thinkatrip-gcp/agent_main.py", line 569, in execute_daily_agent_run
    result_message = generate_and_post_to_instagram(deal_json_string)
  File "/home/saishivas1996/thinkatrip-gcp/agent_main.py", line 557, in generate_and_post_to_instagram
    post_id = poster.post_carousel(deal=deal, itinerary=itinerary, image_urls=[deal_url, itin_url, highlights_url])
  File "/home/saishivas1996/thinkatrip-gcp/agent_main.py", line 526, in post_carousel
    raise e
  File "/home/saishivas1996/thinkatrip-gcp/agent_main.py", line 501, in post_carousel
    if not container_id: raise Exception(f"Failed to create slide {i+1}. Response: {res}")
Exception: Failed to create slide 1. Response: {'error': {'message': 'Timeout', 'type': 'OAuthException', 'code': -2, 'error_subcode': 2207003, 'is_transient': False, 'error_user_title': 'Timeout', 'error_user_msg': 'It takes too long to download the media.', 'fbtrace_id': 'AcqbeyLYi1OpEFdd8RWcWOf'}}
/home/saishivas1996/thinkatrip-gcp/venv/lib/python3.10/site-packages/google/api_core/_python_version_support.py:255: FutureWarning: You are using a Python version (3.10.12) which Google will stop supporting in new releases of google.api_core once it reaches its end of life (2026-10-04). Please upgrade to the latest Python version, or at least Python 3.11, to continue receiving updates for google.api_core past that date.
  warnings.warn(message, FutureWarning)
2026-08-10 08:30:02,290 - ThinkatripSystem - INFO - 💾 PostgreSQL database connected and tables initialized.
2026-08-10 08:30:02,290 - ThinkatripSystem - INFO - ⏰ Travel Content System awake. Processing automated publication queue...
2026-08-10 08:30:02,317 - ThinkatripSystem - INFO - 🎨 Generating 3-Slide Carousel for Bhairahawa / Lumbini...
2026-08-10 08:30:04,257 - ThinkatripSystem - INFO - ☁️ Successfully backed up BWA_DEL_cover.jpg to GCP Bucket!
2026-08-10 08:30:06,938 - ThinkatripSystem - INFO - ☁️ Successfully backed up BWA_DEL_itin.jpg to GCP Bucket!
2026-08-10 08:30:09,220 - ThinkatripSystem - INFO - ☁️ Successfully backed up BWA_DEL_highlights.jpg to GCP Bucket!
2026-08-10 08:30:10,235 - ThinkatripSystem - INFO - 🔗 Public URLs generated successfully.
2026-08-10 08:30:31,185 - ThinkatripSystem - INFO - 📝 Recorded flight AI791 into PostgreSQL lookup registry.
2026-08-10 08:30:31,185 - ThinkatripSystem - INFO - 🚀 Success! Instagram Carousel live on feed. Object ID: 18110762278954207
2026-08-10 08:30:31,185 - ThinkatripSystem - INFO - 💤 Publication execution cycle finished.
Uploading 3-Slide Carousel to Instagram... 📸
Creating Carousel Slide 1 container...
Waiting for media container 18096017591636153 to be ready...
Creating Carousel Slide 2 container...
Waiting for media container 18096017603636153 to be ready...
Creating Carousel Slide 3 container...
Waiting for media container 18096017621636153 to be ready...
Packaging Carousel...
Waiting for media container 18096017636636153 to be ready...
Publishing to Instagram Feed...
Successfully posted Carousel to Instagram Feed! ✅ Post ID: 18110762278954207
/home/saishivas1996/thinkatrip-gcp/venv/lib/python3.10/site-packages/google/api_core/_python_version_support.py:255: FutureWarning: You are using a Python version (3.10.12) which Google will stop supporting in new releases of google.api_core once it reaches its end of life (2026-10-04). Please upgrade to the latest Python version, or at least Python 3.11, to continue receiving updates for google.api_core past that date.
  warnings.warn(message, FutureWarning)
2026-08-10 13:15:02,673 - ThinkatripSystem - INFO - 💾 PostgreSQL database connected and tables initialized.
2026-08-10 13:15:02,674 - ThinkatripSystem - INFO - ⏰ Travel Content System awake. Processing automated publication queue...
2026-08-10 13:15:02,699 - ThinkatripSystem - INFO - 🎨 Generating 3-Slide Carousel for New York...
2026-08-10 13:15:04,085 - ThinkatripSystem - INFO - ☁️ Successfully backed up NYC_BOM_cover.jpg to GCP Bucket!
2026-08-10 13:15:06,344 - ThinkatripSystem - INFO - ☁️ Successfully backed up NYC_BOM_itin.jpg to GCP Bucket!
2026-08-10 13:15:08,784 - ThinkatripSystem - INFO - ☁️ Successfully backed up NYC_BOM_highlights.jpg to GCP Bucket!
2026-08-10 13:15:09,944 - ThinkatripSystem - INFO - 🔗 Public URLs generated successfully.
2026-08-10 13:15:32,760 - ThinkatripSystem - INFO - 📝 Recorded flight IN706 into PostgreSQL lookup registry.
2026-08-10 13:15:32,760 - ThinkatripSystem - INFO - 🚀 Success! Instagram Carousel live on feed. Object ID: 18064955006733677
2026-08-10 13:15:32,761 - ThinkatripSystem - INFO - 💤 Publication execution cycle finished.
Uploading 3-Slide Carousel to Instagram... 📸
Creating Carousel Slide 1 container...
Waiting for media container 18096044636636153 to be ready...
Creating Carousel Slide 2 container...
Waiting for media container 18096044654636153 to be ready...
Creating Carousel Slide 3 container...
Waiting for media container 18096044666636153 to be ready...
Packaging Carousel...
Waiting for media container 18096044681636153 to be ready...
Publishing to Instagram Feed...
Successfully posted Carousel to Instagram Feed! ✅ Post ID: 18064955006733677
/home/saishivas1996/thinkatrip-gcp/venv/lib/python3.10/site-packages/google/api_core/_python_version_support.py:255: FutureWarning: You are using a Python version (3.10.12) which Google will stop supporting in new releases of google.api_core once it reaches its end of life (2026-10-04). Please upgrade to the latest Python version, or at least Python 3.11, to continue receiving updates for google.api_core past that date.
  warnings.warn(message, FutureWarning)
2026-08-10 18:30:02,476 - ThinkatripSystem - INFO - 💾 PostgreSQL database connected and tables initialized.
2026-08-10 18:30:02,477 - ThinkatripSystem - INFO - ⏰ Travel Content System awake. Processing automated publication queue...
2026-08-10 18:30:02,505 - ThinkatripSystem - INFO - 🎨 Generating 3-Slide Carousel for Kathmandu...
2026-08-10 18:30:03,444 - ThinkatripSystem - INFO - ☁️ Successfully backed up KTM_CCU_cover.jpg to GCP Bucket!
2026-08-10 18:30:05,610 - ThinkatripSystem - INFO - ☁️ Successfully backed up KTM_CCU_itin.jpg to GCP Bucket!
2026-08-10 18:30:07,215 - ThinkatripSystem - INFO - ☁️ Successfully backed up KTM_CCU_highlights.jpg to GCP Bucket!
2026-08-10 18:30:08,396 - ThinkatripSystem - INFO - 🔗 Public URLs generated successfully.
2026-08-10 18:30:41,963 - ThinkatripSystem - INFO - 📝 Recorded flight SI144 into PostgreSQL lookup registry.
2026-08-10 18:30:41,963 - ThinkatripSystem - INFO - 🚀 Success! Instagram Carousel live on feed. Object ID: 17865333714641955
2026-08-10 18:30:41,963 - ThinkatripSystem - INFO - 💤 Publication execution cycle finished.
Uploading 3-Slide Carousel to Instagram... 📸
Creating Carousel Slide 1 container...
Waiting for media container 18096085232636153 to be ready...
Creating Carousel Slide 2 container...
Waiting for media container 18096085244636153 to be ready...
Creating Carousel Slide 3 container...
Waiting for media container 18096085256636153 to be ready...
Packaging Carousel...
Waiting for media container 18096085271636153 to be ready...
Publishing to Instagram Feed...
Successfully posted Carousel to Instagram Feed! ✅ Post ID: 17865333714641955
/home/saishivas1996/thinkatrip-gcp/venv/lib/python3.10/site-packages/google/api_core/_python_version_support.py:255: FutureWarning: You are using a Python version (3.10.12) which Google will stop supporting in new releases of google.api_core once it reaches its end of life (2026-10-04). Please upgrade to the latest Python version, or at least Python 3.11, to continue receiving updates for google.api_core past that date.
  warnings.warn(message, FutureWarning)
2026-08-10 21:30:02,563 - ThinkatripSystem - INFO - 💾 PostgreSQL database connected and tables initialized.
2026-08-10 21:30:02,563 - ThinkatripSystem - INFO - ⏰ Travel Content System awake. Processing automated publication queue...
2026-08-10 21:30:02,597 - ThinkatripSystem - INFO - 🎨 Generating 3-Slide Carousel for Manila...
2026-08-10 21:30:03,746 - ThinkatripSystem - INFO - ☁️ Successfully backed up MNL_BOM_cover.jpg to GCP Bucket!
2026-08-10 21:30:05,507 - ThinkatripSystem - INFO - ☁️ Successfully backed up MNL_BOM_itin.jpg to GCP Bucket!
2026-08-10 21:30:07,492 - ThinkatripSystem - INFO - ☁️ Successfully backed up MNL_BOM_highlights.jpg to GCP Bucket!
2026-08-10 21:30:08,489 - ThinkatripSystem - INFO - 🔗 Public URLs generated successfully.
2026-08-10 21:30:31,948 - ThinkatripSystem - INFO - 📝 Recorded flight VI963 into PostgreSQL lookup registry.
2026-08-10 21:30:31,949 - ThinkatripSystem - INFO - 🚀 Success! Instagram Carousel live on feed. Object ID: 18204195589368189
2026-08-10 21:30:31,949 - ThinkatripSystem - INFO - 💤 Publication execution cycle finished.
Uploading 3-Slide Carousel to Instagram... 📸
Creating Carousel Slide 1 container...
Waiting for media container 18096100064636153 to be ready...
Creating Carousel Slide 2 container...
Waiting for media container 18096100079636153 to be ready...
Creating Carousel Slide 3 container...
Waiting for media container 18096100097636153 to be ready...
Packaging Carousel...
Waiting for media container 18096100109636153 to be ready...
Publishing to Instagram Feed...
Successfully posted Carousel to Instagram Feed! ✅ Post ID: 18204195589368189
/home/saishivas1996/thinkatrip-gcp/venv/lib/python3.10/site-packages/google/api_core/_python_version_support.py:255: FutureWarning: You are using a Python version (3.10.12) which Google will stop supporting in new releases of google.api_core once it reaches its end of life (2026-10-04). Please upgrade to the latest Python version, or at least Python 3.11, to continue receiving updates for google.api_core past that date.
  warnings.warn(message, FutureWarning)
2026-08-11 08:30:02,654 - ThinkatripSystem - INFO - 💾 PostgreSQL database connected and tables initialized.
2026-08-11 08:30:02,654 - ThinkatripSystem - INFO - ⏰ Travel Content System awake. Processing automated publication queue...
2026-08-11 08:30:02,686 - ThinkatripSystem - INFO - 🎨 Generating 3-Slide Carousel for Singapore...
2026-08-11 08:30:03,608 - ThinkatripSystem - INFO - ☁️ Successfully backed up SIN_MAA_cover.jpg to GCP Bucket!
2026-08-11 08:30:06,041 - ThinkatripSystem - INFO - ☁️ Successfully backed up SIN_MAA_itin.jpg to GCP Bucket!
2026-08-11 08:30:07,904 - ThinkatripSystem - INFO - ☁️ Successfully backed up SIN_MAA_highlights.jpg to GCP Bucket!
2026-08-11 08:30:09,059 - ThinkatripSystem - INFO - 🔗 Public URLs generated successfully.
2026-08-11 08:30:35,184 - ThinkatripSystem - INFO - 📝 Recorded flight TH660 into PostgreSQL lookup registry.
2026-08-11 08:30:35,185 - ThinkatripSystem - INFO - 🚀 Success! Instagram Carousel live on feed. Object ID: 18214828888337253
2026-08-11 08:30:35,185 - ThinkatripSystem - INFO - 💤 Publication execution cycle finished.
Uploading 3-Slide Carousel to Instagram... 📸
Creating Carousel Slide 1 container...
Waiting for media container 18096152072636153 to be ready...
Creating Carousel Slide 2 container...
Waiting for media container 18096152087636153 to be ready...
Creating Carousel Slide 3 container...
Waiting for media container 18096152099636153 to be ready...
Packaging Carousel...
Waiting for media container 18096152111636153 to be ready...
Publishing to Instagram Feed...
Successfully posted Carousel to Instagram Feed! ✅ Post ID: 18214828888337253
/home/saishivas1996/thinkatrip-gcp/venv/lib/python3.10/site-packages/google/api_core/_python_version_support.py:255: FutureWarning: You are using a Python version (3.10.12) which Google will stop supporting in new releases of google.api_core once it reaches its end of life (2026-10-04). Please upgrade to the latest Python version, or at least Python 3.11, to continue receiving updates for google.api_core past that date.
  warnings.warn(message, FutureWarning)
2026-08-11 13:15:02,962 - ThinkatripSystem - INFO - 💾 PostgreSQL database connected and tables initialized.
2026-08-11 13:15:02,962 - ThinkatripSystem - INFO - ⏰ Travel Content System awake. Processing automated publication queue...
2026-08-11 13:15:03,002 - ThinkatripSystem - INFO - 🎨 Generating 3-Slide Carousel for Paris...
2026-08-11 13:15:04,469 - ThinkatripSystem - INFO - ☁️ Successfully backed up PAR_MAA_cover.jpg to GCP Bucket!
2026-08-11 13:15:06,832 - ThinkatripSystem - INFO - ☁️ Successfully backed up PAR_MAA_itin.jpg to GCP Bucket!
2026-08-11 13:15:09,313 - ThinkatripSystem - INFO - ☁️ Successfully backed up PAR_MAA_highlights.jpg to GCP Bucket!
2026-08-11 13:15:10,565 - ThinkatripSystem - INFO - 🔗 Public URLs generated successfully.
2026-08-11 13:15:30,246 - ThinkatripSystem - INFO - 📝 Recorded flight IN424 into PostgreSQL lookup registry.
2026-08-11 13:15:30,246 - ThinkatripSystem - INFO - 🚀 Success! Instagram Carousel live on feed. Object ID: 18103246102921786
2026-08-11 13:15:30,246 - ThinkatripSystem - INFO - 💤 Publication execution cycle finished.
Uploading 3-Slide Carousel to Instagram... 📸
Creating Carousel Slide 1 container...
Waiting for media container 18096181082636153 to be ready...
Creating Carousel Slide 2 container...
Waiting for media container 18096181094636153 to be ready...
Creating Carousel Slide 3 container...
Waiting for media container 18096181106636153 to be ready...
Packaging Carousel...
Waiting for media container 18096181118636153 to be ready...
Publishing to Instagram Feed...
Successfully posted Carousel to Instagram Feed! ✅ Post ID: 18103246102921786
/home/saishivas1996/thinkatrip-gcp/venv/lib/python3.10/site-packages/google/api_core/_python_version_support.py:255: FutureWarning: You are using a Python version (3.10.12) which Google will stop supporting in new releases of google.api_core once it reaches its end of life (2026-10-04). Please upgrade to the latest Python version, or at least Python 3.11, to continue receiving updates for google.api_core past that date.
  warnings.warn(message, FutureWarning)
2026-08-11 18:30:02,923 - ThinkatripSystem - INFO - 💾 PostgreSQL database connected and tables initialized.
2026-08-11 18:30:02,924 - ThinkatripSystem - INFO - ⏰ Travel Content System awake. Processing automated publication queue...
2026-08-11 18:30:02,953 - ThinkatripSystem - INFO - 🎨 Generating 3-Slide Carousel for Bangkok...
2026-08-11 18:30:04,284 - ThinkatripSystem - INFO - ☁️ Successfully backed up BKK_HYD_cover.jpg to GCP Bucket!
2026-08-11 18:30:06,479 - ThinkatripSystem - INFO - ☁️ Successfully backed up BKK_HYD_itin.jpg to GCP Bucket!
2026-08-11 18:30:08,516 - ThinkatripSystem - INFO - ☁️ Successfully backed up BKK_HYD_highlights.jpg to GCP Bucket!
2026-08-11 18:30:09,752 - ThinkatripSystem - INFO - 🔗 Public URLs generated successfully.
2026-08-11 18:30:19,732 - ThinkatripSystem - ERROR - ❌ A critical error occurred in the workflow: Failed to create slide 1. Response: {'error': {'message': 'Only photo or video can be accepted as media type.', 'type': 'OAuthException', 'code': 9004, 'error_subcode': 2207052, 'is_transient': False, 'error_user_title': "Media download has failed. The media URI doesn't meet our requirements.", 'error_user_msg': 'The media could not be fetched from this URI: https://i.ibb.co/Q3Jw55RR/BKK-HYD-cover.jpg.Please check the limitations section in our development document for more information: https://developers.facebook.com/docs/instagram-platform/instagram-graph-api/reference/ig-user/media#creating', 'fbtrace_id': 'Aox1SeF2qU2iUDoqk_WDgVe'}}
Uploading 3-Slide Carousel to Instagram... 📸
Creating Carousel Slide 1 container...
❌ Instagram API Error: Failed to create slide 1. Response: {'error': {'message': 'Only photo or video can be accepted as media type.', 'type': 'OAuthException', 'code': 9004, 'error_subcode': 2207052, 'is_transient': False, 'error_user_title': "Media download has failed. The media URI doesn't meet our requirements.", 'error_user_msg': 'The media could not be fetched from this URI: https://i.ibb.co/Q3Jw55RR/BKK-HYD-cover.jpg.Please check the limitations section in our development document for more information: https://developers.facebook.com/docs/instagram-platform/instagram-graph-api/reference/ig-user/media#creating', 'fbtrace_id': 'Aox1SeF2qU2iUDoqk_WDgVe'}}
Traceback (most recent call last):
  File "/home/saishivas1996/thinkatrip-gcp/agent_main.py", line 583, in <module>
    asyncio.run(main())
  File "/usr/lib/python3.10/asyncio/runners.py", line 44, in run
    return loop.run_until_complete(main)
  File "/usr/lib/python3.10/asyncio/base_events.py", line 649, in run_until_complete
    return future.result()
  File "/home/saishivas1996/thinkatrip-gcp/agent_main.py", line 580, in main
    await execute_daily_agent_run()
  File "/home/saishivas1996/thinkatrip-gcp/agent_main.py", line 573, in execute_daily_agent_run
    raise e
  File "/home/saishivas1996/thinkatrip-gcp/agent_main.py", line 569, in execute_daily_agent_run
    result_message = generate_and_post_to_instagram(deal_json_string)
  File "/home/saishivas1996/thinkatrip-gcp/agent_main.py", line 557, in generate_and_post_to_instagram
    post_id = poster.post_carousel(deal=deal, itinerary=itinerary, image_urls=[deal_url, itin_url, highlights_url])
  File "/home/saishivas1996/thinkatrip-gcp/agent_main.py", line 526, in post_carousel
    raise e
  File "/home/saishivas1996/thinkatrip-gcp/agent_main.py", line 501, in post_carousel
    if not container_id: raise Exception(f"Failed to create slide {i+1}. Response: {res}")
Exception: Failed to create slide 1. Response: {'error': {'message': 'Only photo or video can be accepted as media type.', 'type': 'OAuthException', 'code': 9004, 'error_subcode': 2207052, 'is_transient': False, 'error_user_title': "Media download has failed. The media URI doesn't meet our requirements.", 'error_user_msg': 'The media could not be fetched from this URI: https://i.ibb.co/Q3Jw55RR/BKK-HYD-cover.jpg.Please check the limitations section in our development document for more information: https://developers.facebook.com/docs/instagram-platform/instagram-graph-api/reference/ig-user/media#creating', 'fbtrace_id': 'Aox1SeF2qU2iUDoqk_WDgVe'}}
/home/saishivas1996/thinkatrip-gcp/venv/lib/python3.10/site-packages/google/api_core/_python_version_support.py:255: FutureWarning: You are using a Python version (3.10.12) which Google will stop supporting in new releases of google.api_core once it reaches its end of life (2026-10-04). Please upgrade to the latest Python version, or at least Python 3.11, to continue receiving updates for google.api_core past that date.
  warnings.warn(message, FutureWarning)
2026-08-11 21:30:02,130 - ThinkatripSystem - INFO - 💾 PostgreSQL database connected and tables initialized.
2026-08-11 21:30:02,130 - ThinkatripSystem - INFO - ⏰ Travel Content System awake. Processing automated publication queue...
2026-08-11 21:30:02,162 - ThinkatripSystem - INFO - 🎨 Generating 3-Slide Carousel for Sydney...
2026-08-11 21:30:03,548 - ThinkatripSystem - INFO - ☁️ Successfully backed up SYD_GOI_cover.jpg to GCP Bucket!
2026-08-11 21:30:05,644 - ThinkatripSystem - INFO - ☁️ Successfully backed up SYD_GOI_itin.jpg to GCP Bucket!
2026-08-11 21:30:08,363 - ThinkatripSystem - INFO - ☁️ Successfully backed up SYD_GOI_highlights.jpg to GCP Bucket!
2026-08-11 21:30:09,424 - ThinkatripSystem - INFO - 🔗 Public URLs generated successfully.
2026-08-11 21:30:29,943 - ThinkatripSystem - INFO - 📝 Recorded flight SI217 into PostgreSQL lookup registry.
2026-08-11 21:30:29,943 - ThinkatripSystem - INFO - 🚀 Success! Instagram Carousel live on feed. Object ID: 18102641243264074
2026-08-11 21:30:29,943 - ThinkatripSystem - INFO - 💤 Publication execution cycle finished.
Uploading 3-Slide Carousel to Instagram... 📸
Creating Carousel Slide 1 container...
Waiting for media container 18096233327636153 to be ready...
Creating Carousel Slide 2 container...
Waiting for media container 18096233339636153 to be ready...
Creating Carousel Slide 3 container...
Waiting for media container 18096233357636153 to be ready...
Packaging Carousel...
Waiting for media container 18096233369636153 to be ready...
Publishing to Instagram Feed...
Successfully posted Carousel to Instagram Feed! ✅ Post ID: 18102641243264074
/home/saishivas1996/thinkatrip-gcp/venv/lib/python3.10/site-packages/google/api_core/_python_version_support.py:255: FutureWarning: You are using a Python version (3.10.12) which Google will stop supporting in new releases of google.api_core once it reaches its end of life (2026-10-04). Please upgrade to the latest Python version, or at least Python 3.11, to continue receiving updates for google.api_core past that date.
  warnings.warn(message, FutureWarning)
2026-08-12 08:30:02,247 - ThinkatripSystem - INFO - 💾 PostgreSQL database connected and tables initialized.
2026-08-12 08:30:02,248 - ThinkatripSystem - INFO - ⏰ Travel Content System awake. Processing automated publication queue...
2026-08-12 08:30:02,274 - ThinkatripSystem - INFO - 🎨 Generating 3-Slide Carousel for Kuala Lumpur...
2026-08-12 08:30:03,653 - ThinkatripSystem - INFO - ☁️ Successfully backed up KUL_CCU_cover.jpg to GCP Bucket!
2026-08-12 08:30:06,310 - ThinkatripSystem - INFO - ☁️ Successfully backed up KUL_CCU_itin.jpg to GCP Bucket!
2026-08-12 08:30:10,268 - ThinkatripSystem - INFO - ☁️ Successfully backed up KUL_CCU_highlights.jpg to GCP Bucket!
2026-08-12 08:30:11,498 - ThinkatripSystem - INFO - 🔗 Public URLs generated successfully.
2026-08-12 08:30:37,012 - ThinkatripSystem - INFO - 📝 Recorded flight EM447 into PostgreSQL lookup registry.
2026-08-12 08:30:37,012 - ThinkatripSystem - INFO - 🚀 Success! Instagram Carousel live on feed. Object ID: 18085675019660071
2026-08-12 08:30:37,012 - ThinkatripSystem - INFO - 💤 Publication execution cycle finished.
Uploading 3-Slide Carousel to Instagram... 📸
Creating Carousel Slide 1 container...
Waiting for media container 18096292406636153 to be ready...
Creating Carousel Slide 2 container...
Waiting for media container 18096292430636153 to be ready...
Creating Carousel Slide 3 container...
Waiting for media container 18096292442636153 to be ready...
Packaging Carousel...
Waiting for media container 18096292457636153 to be ready...
Publishing to Instagram Feed...
Successfully posted Carousel to Instagram Feed! ✅ Post ID: 18085675019660071
/home/saishivas1996/thinkatrip-gcp/venv/lib/python3.10/site-packages/google/api_core/_python_version_support.py:255: FutureWarning: You are using a Python version (3.10.12) which Google will stop supporting in new releases of google.api_core once it reaches its end of life (2026-10-04). Please upgrade to the latest Python version, or at least Python 3.11, to continue receiving updates for google.api_core past that date.
  warnings.warn(message, FutureWarning)
2026-08-12 13:15:02,784 - ThinkatripSystem - INFO - 💾 PostgreSQL database connected and tables initialized.
2026-08-12 13:15:02,784 - ThinkatripSystem - INFO - ⏰ Travel Content System awake. Processing automated publication queue...
2026-08-12 13:15:02,816 - ThinkatripSystem - INFO - 🎨 Generating 3-Slide Carousel for Sydney...
2026-08-12 13:15:03,817 - ThinkatripSystem - INFO - ☁️ Successfully backed up SYD_DEL_cover.jpg to GCP Bucket!
2026-08-12 13:15:05,580 - ThinkatripSystem - INFO - ☁️ Successfully backed up SYD_DEL_itin.jpg to GCP Bucket!
2026-08-12 13:15:07,151 - ThinkatripSystem - INFO - ☁️ Successfully backed up SYD_DEL_highlights.jpg to GCP Bucket!
2026-08-12 13:15:08,021 - ThinkatripSystem - INFO - 🔗 Public URLs generated successfully.
2026-08-12 13:15:31,975 - ThinkatripSystem - INFO - 📝 Recorded flight IN662 into PostgreSQL lookup registry.
2026-08-12 13:15:31,976 - ThinkatripSystem - INFO - 🚀 Success! Instagram Carousel live on feed. Object ID: 18061499840758049
2026-08-12 13:15:31,976 - ThinkatripSystem - INFO - 💤 Publication execution cycle finished.
Uploading 3-Slide Carousel to Instagram... 📸
Creating Carousel Slide 1 container...
Waiting for media container 18096320036636153 to be ready...
Creating Carousel Slide 2 container...
Waiting for media container 18096320081636153 to be ready...
Creating Carousel Slide 3 container...
Waiting for media container 18096320102636153 to be ready...
Packaging Carousel...
Waiting for media container 18096320120636153 to be ready...
Publishing to Instagram Feed...
Successfully posted Carousel to Instagram Feed! ✅ Post ID: 18061499840758049
/home/saishivas1996/thinkatrip-gcp/venv/lib/python3.10/site-packages/google/api_core/_python_version_support.py:255: FutureWarning: You are using a Python version (3.10.12) which Google will stop supporting in new releases of google.api_core once it reaches its end of life (2026-10-04). Please upgrade to the latest Python version, or at least Python 3.11, to continue receiving updates for google.api_core past that date.
  warnings.warn(message, FutureWarning)
2026-08-12 18:30:02,668 - ThinkatripSystem - INFO - 💾 PostgreSQL database connected and tables initialized.
2026-08-12 18:30:02,668 - ThinkatripSystem - INFO - ⏰ Travel Content System awake. Processing automated publication queue...
2026-08-12 18:30:02,708 - ThinkatripSystem - INFO - 🎨 Generating 3-Slide Carousel for New York...
2026-08-12 18:30:04,108 - ThinkatripSystem - INFO - ☁️ Successfully backed up NYC_CCU_cover.jpg to GCP Bucket!
2026-08-12 18:30:06,419 - ThinkatripSystem - INFO - ☁️ Successfully backed up NYC_CCU_itin.jpg to GCP Bucket!
2026-08-12 18:30:08,615 - ThinkatripSystem - INFO - ☁️ Successfully backed up NYC_CCU_highlights.jpg to GCP Bucket!
2026-08-12 18:30:09,748 - ThinkatripSystem - INFO - 🔗 Public URLs generated successfully.
2026-08-12 18:30:19,119 - ThinkatripSystem - ERROR - ❌ A critical error occurred in the workflow: Failed to create slide 1. Response: {'error': {'message': 'Only photo or video can be accepted as media type.', 'type': 'OAuthException', 'code': 9004, 'error_subcode': 2207052, 'is_transient': False, 'error_user_title': "Media download has failed. The media URI doesn't meet our requirements.", 'error_user_msg': 'The media could not be fetched from this URI: https://i.ibb.co/pBY7XQzs/NYC-CCU-cover.jpg.Please check the limitations section in our development document for more information: https://developers.facebook.com/docs/instagram-platform/instagram-graph-api/reference/ig-user/media#creating', 'fbtrace_id': 'AW0VsK3H_Xbcd0f83BTq9r1'}}
Uploading 3-Slide Carousel to Instagram... 📸
Creating Carousel Slide 1 container...
❌ Instagram API Error: Failed to create slide 1. Response: {'error': {'message': 'Only photo or video can be accepted as media type.', 'type': 'OAuthException', 'code': 9004, 'error_subcode': 2207052, 'is_transient': False, 'error_user_title': "Media download has failed. The media URI doesn't meet our requirements.", 'error_user_msg': 'The media could not be fetched from this URI: https://i.ibb.co/pBY7XQzs/NYC-CCU-cover.jpg.Please check the limitations section in our development document for more information: https://developers.facebook.com/docs/instagram-platform/instagram-graph-api/reference/ig-user/media#creating', 'fbtrace_id': 'AW0VsK3H_Xbcd0f83BTq9r1'}}
Traceback (most recent call last):
  File "/home/saishivas1996/thinkatrip-gcp/agent_main.py", line 583, in <module>
    asyncio.run(main())
  File "/usr/lib/python3.10/asyncio/runners.py", line 44, in run
    return loop.run_until_complete(main)
  File "/usr/lib/python3.10/asyncio/base_events.py", line 649, in run_until_complete
    return future.result()
  File "/home/saishivas1996/thinkatrip-gcp/agent_main.py", line 580, in main
    await execute_daily_agent_run()
  File "/home/saishivas1996/thinkatrip-gcp/agent_main.py", line 573, in execute_daily_agent_run
    raise e
  File "/home/saishivas1996/thinkatrip-gcp/agent_main.py", line 569, in execute_daily_agent_run
    result_message = generate_and_post_to_instagram(deal_json_string)
  File "/home/saishivas1996/thinkatrip-gcp/agent_main.py", line 557, in generate_and_post_to_instagram
    post_id = poster.post_carousel(deal=deal, itinerary=itinerary, image_urls=[deal_url, itin_url, highlights_url])
  File "/home/saishivas1996/thinkatrip-gcp/agent_main.py", line 526, in post_carousel
    raise e
  File "/home/saishivas1996/thinkatrip-gcp/agent_main.py", line 501, in post_carousel
    if not container_id: raise Exception(f"Failed to create slide {i+1}. Response: {res}")
Exception: Failed to create slide 1. Response: {'error': {'message': 'Only photo or video can be accepted as media type.', 'type': 'OAuthException', 'code': 9004, 'error_subcode': 2207052, 'is_transient': False, 'error_user_title': "Media download has failed. The media URI doesn't meet our requirements.", 'error_user_msg': 'The media could not be fetched from this URI: https://i.ibb.co/pBY7XQzs/NYC-CCU-cover.jpg.Please check the limitations section in our development document for more information: https://developers.facebook.com/docs/instagram-platform/instagram-graph-api/reference/ig-user/media#creating', 'fbtrace_id': 'AW0VsK3H_Xbcd0f83BTq9r1'}}
/home/saishivas1996/thinkatrip-gcp/venv/lib/python3.10/site-packages/google/api_core/_python_version_support.py:255: FutureWarning: You are using a Python version (3.10.12) which Google will stop supporting in new releases of google.api_core once it reaches its end of life (2026-10-04). Please upgrade to the latest Python version, or at least Python 3.11, to continue receiving updates for google.api_core past that date.
  warnings.warn(message, FutureWarning)
2026-08-12 21:30:02,735 - ThinkatripSystem - INFO - 💾 PostgreSQL database connected and tables initialized.
2026-08-12 21:30:02,735 - ThinkatripSystem - INFO - ⏰ Travel Content System awake. Processing automated publication queue...
2026-08-12 21:30:02,766 - ThinkatripSystem - INFO - 🎨 Generating 3-Slide Carousel for Colombo...
2026-08-12 21:30:04,923 - ThinkatripSystem - INFO - ☁️ Successfully backed up CMB_HYD_cover.jpg to GCP Bucket!
2026-08-12 21:30:07,118 - ThinkatripSystem - INFO - ☁️ Successfully backed up CMB_HYD_itin.jpg to GCP Bucket!
2026-08-12 21:30:09,139 - ThinkatripSystem - INFO - ☁️ Successfully backed up CMB_HYD_highlights.jpg to GCP Bucket!
2026-08-12 21:30:10,372 - ThinkatripSystem - INFO - 🔗 Public URLs generated successfully.
2026-08-12 21:30:19,474 - ThinkatripSystem - ERROR - ❌ A critical error occurred in the workflow: Failed to create slide 1. Response: {'error': {'message': 'Only photo or video can be accepted as media type.', 'type': 'OAuthException', 'code': 9004, 'error_subcode': 2207052, 'is_transient': False, 'error_user_title': "Media download has failed. The media URI doesn't meet our requirements.", 'error_user_msg': 'The media could not be fetched from this URI: https://i.ibb.co/svk5VmBq/CMB-HYD-cover.jpg.Please check the limitations section in our development document for more information: https://developers.facebook.com/docs/instagram-platform/instagram-graph-api/reference/ig-user/media#creating', 'fbtrace_id': 'AIBWemfE91_-CPyHXl_xbxS'}}
Uploading 3-Slide Carousel to Instagram... 📸
Creating Carousel Slide 1 container...
❌ Instagram API Error: Failed to create slide 1. Response: {'error': {'message': 'Only photo or video can be accepted as media type.', 'type': 'OAuthException', 'code': 9004, 'error_subcode': 2207052, 'is_transient': False, 'error_user_title': "Media download has failed. The media URI doesn't meet our requirements.", 'error_user_msg': 'The media could not be fetched from this URI: https://i.ibb.co/svk5VmBq/CMB-HYD-cover.jpg.Please check the limitations section in our development document for more information: https://developers.facebook.com/docs/instagram-platform/instagram-graph-api/reference/ig-user/media#creating', 'fbtrace_id': 'AIBWemfE91_-CPyHXl_xbxS'}}
Traceback (most recent call last):
  File "/home/saishivas1996/thinkatrip-gcp/agent_main.py", line 583, in <module>
    asyncio.run(main())
  File "/usr/lib/python3.10/asyncio/runners.py", line 44, in run
    return loop.run_until_complete(main)
  File "/usr/lib/python3.10/asyncio/base_events.py", line 649, in run_until_complete
    return future.result()
  File "/home/saishivas1996/thinkatrip-gcp/agent_main.py", line 580, in main
    await execute_daily_agent_run()
  File "/home/saishivas1996/thinkatrip-gcp/agent_main.py", line 573, in execute_daily_agent_run
    raise e
  File "/home/saishivas1996/thinkatrip-gcp/agent_main.py", line 569, in execute_daily_agent_run
    result_message = generate_and_post_to_instagram(deal_json_string)
  File "/home/saishivas1996/thinkatrip-gcp/agent_main.py", line 557, in generate_and_post_to_instagram
    post_id = poster.post_carousel(deal=deal, itinerary=itinerary, image_urls=[deal_url, itin_url, highlights_url])
  File "/home/saishivas1996/thinkatrip-gcp/agent_main.py", line 526, in post_carousel
    raise e
  File "/home/saishivas1996/thinkatrip-gcp/agent_main.py", line 501, in post_carousel
    if not container_id: raise Exception(f"Failed to create slide {i+1}. Response: {res}")
Exception: Failed to create slide 1. Response: {'error': {'message': 'Only photo or video can be accepted as media type.', 'type': 'OAuthException', 'code': 9004, 'error_subcode': 2207052, 'is_transient': False, 'error_user_title': "Media download has failed. The media URI doesn't meet our requirements.", 'error_user_msg': 'The media could not be fetched from this URI: https://i.ibb.co/svk5VmBq/CMB-HYD-cover.jpg.Please check the limitations section in our development document for more information: https://developers.facebook.com/docs/instagram-platform/instagram-graph-api/reference/ig-user/media#creating', 'fbtrace_id': 'AIBWemfE91_-CPyHXl_xbxS'}}
/home/saishivas1996/thinkatrip-gcp/venv/lib/python3.10/site-packages/google/api_core/_python_version_support.py:255: FutureWarning: You are using a Python version (3.10.12) which Google will stop supporting in new releases of google.api_core once it reaches its end of life (2026-10-04). Please upgrade to the latest Python version, or at least Python 3.11, to continue receiving updates for google.api_core past that date.
  warnings.warn(message, FutureWarning)
2026-08-13 08:30:02,834 - ThinkatripSystem - INFO - 💾 PostgreSQL database connected and tables initialized.
2026-08-13 08:30:02,835 - ThinkatripSystem - INFO - ⏰ Travel Content System awake. Processing automated publication queue...
2026-08-13 08:30:02,869 - ThinkatripSystem - INFO - 🎨 Generating 3-Slide Carousel for Istanbul...
2026-08-13 08:30:04,328 - ThinkatripSystem - INFO - ☁️ Successfully backed up IST_CCU_cover.jpg to GCP Bucket!
2026-08-13 08:30:06,615 - ThinkatripSystem - INFO - ☁️ Successfully backed up IST_CCU_itin.jpg to GCP Bucket!
2026-08-13 08:30:09,291 - ThinkatripSystem - INFO - ☁️ Successfully backed up IST_CCU_highlights.jpg to GCP Bucket!
2026-08-13 08:30:10,486 - ThinkatripSystem - INFO - 🔗 Public URLs generated successfully.
2026-08-13 08:30:38,546 - ThinkatripSystem - INFO - 📝 Recorded flight SI707 into PostgreSQL lookup registry.
2026-08-13 08:30:38,547 - ThinkatripSystem - INFO - 🚀 Success! Instagram Carousel live on feed. Object ID: 18117505918932868
2026-08-13 08:30:38,547 - ThinkatripSystem - INFO - 💤 Publication execution cycle finished.
Uploading 3-Slide Carousel to Instagram... 📸
Creating Carousel Slide 1 container...
Waiting for media container 18096439316636153 to be ready...
Creating Carousel Slide 2 container...
Waiting for media container 18096439337636153 to be ready...
Creating Carousel Slide 3 container...
Waiting for media container 18096439364636153 to be ready...
Packaging Carousel...
Waiting for media container 18096439397636153 to be ready...
Publishing to Instagram Feed...
Successfully posted Carousel to Instagram Feed! ✅ Post ID: 18117505918932868
/home/saishivas1996/thinkatrip-gcp/venv/lib/python3.10/site-packages/google/api_core/_python_version_support.py:255: FutureWarning: You are using a Python version (3.10.12) which Google will stop supporting in new releases of google.api_core once it reaches its end of life (2026-10-04). Please upgrade to the latest Python version, or at least Python 3.11, to continue receiving updates for google.api_core past that date.
  warnings.warn(message, FutureWarning)
2026-08-13 13:15:01,828 - ThinkatripSystem - INFO - 💾 PostgreSQL database connected and tables initialized.
2026-08-13 13:15:01,828 - ThinkatripSystem - INFO - ⏰ Travel Content System awake. Processing automated publication queue...
2026-08-13 13:15:01,850 - ThinkatripSystem - INFO - 🎨 Generating 3-Slide Carousel for Hong Kong...
2026-08-13 13:15:03,434 - ThinkatripSystem - INFO - ☁️ Successfully backed up HKG_BLR_cover.jpg to GCP Bucket!
2026-08-13 13:15:06,452 - ThinkatripSystem - INFO - ☁️ Successfully backed up HKG_BLR_itin.jpg to GCP Bucket!
2026-08-13 13:15:08,690 - ThinkatripSystem - INFO - ☁️ Successfully backed up HKG_BLR_highlights.jpg to GCP Bucket!
2026-08-13 13:15:10,006 - ThinkatripSystem - INFO - 🔗 Public URLs generated successfully.
2026-08-13 13:15:31,773 - ThinkatripSystem - INFO - 📝 Recorded flight TH268 into PostgreSQL lookup registry.
2026-08-13 13:15:31,773 - ThinkatripSystem - INFO - 🚀 Success! Instagram Carousel live on feed. Object ID: 18114704998985296
2026-08-13 13:15:31,774 - ThinkatripSystem - INFO - 💤 Publication execution cycle finished.
Uploading 3-Slide Carousel to Instagram... 📸
Creating Carousel Slide 1 container...
Waiting for media container 18096471737636153 to be ready...
Creating Carousel Slide 2 container...
Waiting for media container 18096471776636153 to be ready...
Creating Carousel Slide 3 container...
Waiting for media container 18096471794636153 to be ready...
Packaging Carousel...
Waiting for media container 18096471812636153 to be ready...
Publishing to Instagram Feed...
Successfully posted Carousel to Instagram Feed! ✅ Post ID: 18114704998985296
/home/saishivas1996/thinkatrip-gcp/venv/lib/python3.10/site-packages/google/api_core/_python_version_support.py:255: FutureWarning: You are using a Python version (3.10.12) which Google will stop supporting in new releases of google.api_core once it reaches its end of life (2026-10-04). Please upgrade to the latest Python version, or at least Python 3.11, to continue receiving updates for google.api_core past that date.
  warnings.warn(message, FutureWarning)
2026-08-13 18:30:02,429 - ThinkatripSystem - INFO - 💾 PostgreSQL database connected and tables initialized.
2026-08-13 18:30:02,429 - ThinkatripSystem - INFO - ⏰ Travel Content System awake. Processing automated publication queue...
2026-08-13 18:30:02,456 - ThinkatripSystem - INFO - 🎨 Generating 3-Slide Carousel for Paris...
2026-08-13 18:30:03,841 - ThinkatripSystem - INFO - ☁️ Successfully backed up PAR_MAA_cover.jpg to GCP Bucket!
2026-08-13 18:30:07,217 - ThinkatripSystem - INFO - ☁️ Successfully backed up PAR_MAA_itin.jpg to GCP Bucket!
2026-08-13 18:30:09,577 - ThinkatripSystem - INFO - ☁️ Successfully backed up PAR_MAA_highlights.jpg to GCP Bucket!
2026-08-13 18:30:10,775 - ThinkatripSystem - INFO - 🔗 Public URLs generated successfully.
2026-08-13 18:30:41,096 - ThinkatripSystem - ERROR - ❌ A critical error occurred in the workflow: Failed to create slide 2. Response: {'error': {'message': 'Timeout', 'type': 'OAuthException', 'code': -2, 'error_subcode': 2207003, 'is_transient': False, 'error_user_title': 'Timeout', 'error_user_msg': 'It takes too long to download the media.', 'fbtrace_id': 'AbacfWZVAmCtb2pZXrH1Dqv'}}
Uploading 3-Slide Carousel to Instagram... 📸
Creating Carousel Slide 1 container...
Waiting for media container 18096510401636153 to be ready...
Creating Carousel Slide 2 container...
❌ Instagram API Error: Failed to create slide 2. Response: {'error': {'message': 'Timeout', 'type': 'OAuthException', 'code': -2, 'error_subcode': 2207003, 'is_transient': False, 'error_user_title': 'Timeout', 'error_user_msg': 'It takes too long to download the media.', 'fbtrace_id': 'AbacfWZVAmCtb2pZXrH1Dqv'}}
Traceback (most recent call last):
  File "/home/saishivas1996/thinkatrip-gcp/agent_main.py", line 583, in <module>
    asyncio.run(main())
  File "/usr/lib/python3.10/asyncio/runners.py", line 44, in run
    return loop.run_until_complete(main)
  File "/usr/lib/python3.10/asyncio/base_events.py", line 649, in run_until_complete
    return future.result()
  File "/home/saishivas1996/thinkatrip-gcp/agent_main.py", line 580, in main
    await execute_daily_agent_run()
  File "/home/saishivas1996/thinkatrip-gcp/agent_main.py", line 573, in execute_daily_agent_run
    raise e
  File "/home/saishivas1996/thinkatrip-gcp/agent_main.py", line 569, in execute_daily_agent_run
    result_message = generate_and_post_to_instagram(deal_json_string)
  File "/home/saishivas1996/thinkatrip-gcp/agent_main.py", line 557, in generate_and_post_to_instagram
    post_id = poster.post_carousel(deal=deal, itinerary=itinerary, image_urls=[deal_url, itin_url, highlights_url])
  File "/home/saishivas1996/thinkatrip-gcp/agent_main.py", line 526, in post_carousel
    raise e
  File "/home/saishivas1996/thinkatrip-gcp/agent_main.py", line 501, in post_carousel
    if not container_id: raise Exception(f"Failed to create slide {i+1}. Response: {res}")
Exception: Failed to create slide 2. Response: {'error': {'message': 'Timeout', 'type': 'OAuthException', 'code': -2, 'error_subcode': 2207003, 'is_transient': False, 'error_user_title': 'Timeout', 'error_user_msg': 'It takes too long to download the media.', 'fbtrace_id': 'AbacfWZVAmCtb2pZXrH1Dqv'}}
/home/saishivas1996/thinkatrip-gcp/venv/lib/python3.10/site-packages/google/api_core/_python_version_support.py:255: FutureWarning: You are using a Python version (3.10.12) which Google will stop supporting in new releases of google.api_core once it reaches its end of life (2026-10-04). Please upgrade to the latest Python version, or at least Python 3.11, to continue receiving updates for google.api_core past that date.
  warnings.warn(message, FutureWarning)
2026-08-13 21:30:02,125 - ThinkatripSystem - INFO - 💾 PostgreSQL database connected and tables initialized.
2026-08-13 21:30:02,125 - ThinkatripSystem - INFO - ⏰ Travel Content System awake. Processing automated publication queue...
2026-08-13 21:30:02,151 - ThinkatripSystem - INFO - 🎨 Generating 3-Slide Carousel for New York...
2026-08-13 21:30:03,096 - ThinkatripSystem - INFO - ☁️ Successfully backed up NYC_COK_cover.jpg to GCP Bucket!
2026-08-13 21:30:05,493 - ThinkatripSystem - INFO - ☁️ Successfully backed up NYC_COK_itin.jpg to GCP Bucket!
2026-08-13 21:30:08,492 - ThinkatripSystem - INFO - ☁️ Successfully backed up NYC_COK_highlights.jpg to GCP Bucket!
2026-08-13 21:30:09,623 - ThinkatripSystem - INFO - 🔗 Public URLs generated successfully.
2026-08-13 21:30:29,928 - ThinkatripSystem - INFO - 📝 Recorded flight AI669 into PostgreSQL lookup registry.
2026-08-13 21:30:29,929 - ThinkatripSystem - INFO - 🚀 Success! Instagram Carousel live on feed. Object ID: 17901722853480582
2026-08-13 21:30:29,929 - ThinkatripSystem - INFO - 💤 Publication execution cycle finished.
Uploading 3-Slide Carousel to Instagram... 📸
Creating Carousel Slide 1 container...
Waiting for media container 18096527105636153 to be ready...
Creating Carousel Slide 2 container...
Waiting for media container 18096527123636153 to be ready...
Creating Carousel Slide 3 container...
Waiting for media container 18096527141636153 to be ready...
Packaging Carousel...
Waiting for media container 18096527162636153 to be ready...
Publishing to Instagram Feed...
Successfully posted Carousel to Instagram Feed! ✅ Post ID: 17901722853480582
/home/saishivas1996/thinkatrip-gcp/venv/lib/python3.10/site-packages/google/api_core/_python_version_support.py:255: FutureWarning: You are using a Python version (3.10.12) which Google will stop supporting in new releases of google.api_core once it reaches its end of life (2026-10-04). Please upgrade to the latest Python version, or at least Python 3.11, to continue receiving updates for google.api_core past that date.
  warnings.warn(message, FutureWarning)
2026-08-14 08:30:02,352 - ThinkatripSystem - INFO - 💾 PostgreSQL database connected and tables initialized.
2026-08-14 08:30:02,352 - ThinkatripSystem - INFO - ⏰ Travel Content System awake. Processing automated publication queue...
2026-08-14 08:30:02,385 - ThinkatripSystem - INFO - 🎨 Generating 3-Slide Carousel for Dubai...
2026-08-14 08:30:03,668 - ThinkatripSystem - INFO - ☁️ Successfully backed up DXB_BOM_cover.jpg to GCP Bucket!
2026-08-14 08:30:06,101 - ThinkatripSystem - INFO - ☁️ Successfully backed up DXB_BOM_itin.jpg to GCP Bucket!
2026-08-14 08:30:08,353 - ThinkatripSystem - INFO - ☁️ Successfully backed up DXB_BOM_highlights.jpg to GCP Bucket!
2026-08-14 08:30:09,530 - ThinkatripSystem - INFO - 🔗 Public URLs generated successfully.
2026-08-14 08:30:31,179 - ThinkatripSystem - INFO - 📝 Recorded flight EM103 into PostgreSQL lookup registry.
2026-08-14 08:30:31,179 - ThinkatripSystem - INFO - 🚀 Success! Instagram Carousel live on feed. Object ID: 18143698801505422
2026-08-14 08:30:31,179 - ThinkatripSystem - INFO - 💤 Publication execution cycle finished.
Uploading 3-Slide Carousel to Instagram... 📸
Creating Carousel Slide 1 container...
Waiting for media container 18096600092636153 to be ready...
Creating Carousel Slide 2 container...
Waiting for media container 18096600116636153 to be ready...
Creating Carousel Slide 3 container...
Waiting for media container 18096600137636153 to be ready...
Packaging Carousel...
Waiting for media container 18096600269636153 to be ready...
Publishing to Instagram Feed...
Successfully posted Carousel to Instagram Feed! ✅ Post ID: 18143698801505422
/home/saishivas1996/thinkatrip-gcp/venv/lib/python3.10/site-packages/google/api_core/_python_version_support.py:255: FutureWarning: You are using a Python version (3.10.12) which Google will stop supporting in new releases of google.api_core once it reaches its end of life (2026-10-04). Please upgrade to the latest Python version, or at least Python 3.11, to continue receiving updates for google.api_core past that date.
  warnings.warn(message, FutureWarning)
2026-08-14 13:15:03,233 - ThinkatripSystem - INFO - 💾 PostgreSQL database connected and tables initialized.
2026-08-14 13:15:03,235 - ThinkatripSystem - INFO - ⏰ Travel Content System awake. Processing automated publication queue...
2026-08-14 13:15:03,259 - ThinkatripSystem - INFO - 🎨 Generating 3-Slide Carousel for Dubai...
2026-08-14 13:15:04,224 - ThinkatripSystem - INFO - ☁️ Successfully backed up DXB_COK_cover.jpg to GCP Bucket!
2026-08-14 13:15:06,355 - ThinkatripSystem - INFO - ☁️ Successfully backed up DXB_COK_itin.jpg to GCP Bucket!
2026-08-14 13:15:08,029 - ThinkatripSystem - INFO - ☁️ Successfully backed up DXB_COK_highlights.jpg to GCP Bucket!
2026-08-14 13:15:09,030 - ThinkatripSystem - INFO - 🔗 Public URLs generated successfully.
2026-08-14 13:15:30,837 - ThinkatripSystem - INFO - 📝 Recorded flight AI393 into PostgreSQL lookup registry.
2026-08-14 13:15:30,838 - ThinkatripSystem - INFO - 🚀 Success! Instagram Carousel live on feed. Object ID: 18277073251288730
2026-08-14 13:15:30,838 - ThinkatripSystem - INFO - 💤 Publication execution cycle finished.
Uploading 3-Slide Carousel to Instagram... 📸
Creating Carousel Slide 1 container...
Waiting for media container 18096636284636153 to be ready...
Creating Carousel Slide 2 container...
Waiting for media container 18096636371636153 to be ready...
Creating Carousel Slide 3 container...
Waiting for media container 18096636392636153 to be ready...
Packaging Carousel...
Waiting for media container 18096636413636153 to be ready...
Publishing to Instagram Feed...
Successfully posted Carousel to Instagram Feed! ✅ Post ID: 18277073251288730
/home/saishivas1996/thinkatrip-gcp/venv/lib/python3.10/site-packages/google/api_core/_python_version_support.py:255: FutureWarning: You are using a Python version (3.10.12) which Google will stop supporting in new releases of google.api_core once it reaches its end of life (2026-10-04). Please upgrade to the latest Python version, or at least Python 3.11, to continue receiving updates for google.api_core past that date.
  warnings.warn(message, FutureWarning)
2026-08-14 18:30:02,577 - ThinkatripSystem - INFO - 💾 PostgreSQL database connected and tables initialized.
2026-08-14 18:30:02,577 - ThinkatripSystem - INFO - ⏰ Travel Content System awake. Processing automated publication queue...
2026-08-14 18:30:02,609 - ThinkatripSystem - INFO - 🎨 Generating 3-Slide Carousel for Kuala Lumpur...
2026-08-14 18:30:04,157 - ThinkatripSystem - INFO - ☁️ Successfully backed up KUL_COK_cover.jpg to GCP Bucket!
2026-08-14 18:30:06,586 - ThinkatripSystem - INFO - ☁️ Successfully backed up KUL_COK_itin.jpg to GCP Bucket!
2026-08-14 18:30:09,104 - ThinkatripSystem - INFO - ☁️ Successfully backed up KUL_COK_highlights.jpg to GCP Bucket!
2026-08-14 18:30:10,172 - ThinkatripSystem - INFO - 🔗 Public URLs generated successfully.
2026-08-14 18:30:19,079 - ThinkatripSystem - ERROR - ❌ A critical error occurred in the workflow: Failed to create slide 1. Response: {'error': {'message': 'Only photo or video can be accepted as media type.', 'type': 'OAuthException', 'code': 9004, 'error_subcode': 2207052, 'is_transient': False, 'error_user_title': "Media download has failed. The media URI doesn't meet our requirements.", 'error_user_msg': 'The media could not be fetched from this URI: https://i.ibb.co/s9vDWGFV/KUL-COK-cover.jpg.Please check the limitations section in our development document for more information: https://developers.facebook.com/docs/instagram-platform/instagram-graph-api/reference/ig-user/media#creating', 'fbtrace_id': 'ANM2XREE0UYkR6ik-T2dNsL'}}
Uploading 3-Slide Carousel to Instagram... 📸
Creating Carousel Slide 1 container...
❌ Instagram API Error: Failed to create slide 1. Response: {'error': {'message': 'Only photo or video can be accepted as media type.', 'type': 'OAuthException', 'code': 9004, 'error_subcode': 2207052, 'is_transient': False, 'error_user_title': "Media download has failed. The media URI doesn't meet our requirements.", 'error_user_msg': 'The media could not be fetched from this URI: https://i.ibb.co/s9vDWGFV/KUL-COK-cover.jpg.Please check the limitations section in our development document for more information: https://developers.facebook.com/docs/instagram-platform/instagram-graph-api/reference/ig-user/media#creating', 'fbtrace_id': 'ANM2XREE0UYkR6ik-T2dNsL'}}
Traceback (most recent call last):
  File "/home/saishivas1996/thinkatrip-gcp/agent_main.py", line 583, in <module>
    asyncio.run(main())
  File "/usr/lib/python3.10/asyncio/runners.py", line 44, in run
    return loop.run_until_complete(main)
  File "/usr/lib/python3.10/asyncio/base_events.py", line 649, in run_until_complete
    return future.result()
  File "/home/saishivas1996/thinkatrip-gcp/agent_main.py", line 580, in main
    await execute_daily_agent_run()
  File "/home/saishivas1996/thinkatrip-gcp/agent_main.py", line 573, in execute_daily_agent_run
    raise e
  File "/home/saishivas1996/thinkatrip-gcp/agent_main.py", line 569, in execute_daily_agent_run
    result_message = generate_and_post_to_instagram(deal_json_string)
  File "/home/saishivas1996/thinkatrip-gcp/agent_main.py", line 557, in generate_and_post_to_instagram
    post_id = poster.post_carousel(deal=deal, itinerary=itinerary, image_urls=[deal_url, itin_url, highlights_url])
  File "/home/saishivas1996/thinkatrip-gcp/agent_main.py", line 526, in post_carousel
    raise e
  File "/home/saishivas1996/thinkatrip-gcp/agent_main.py", line 501, in post_carousel
    if not container_id: raise Exception(f"Failed to create slide {i+1}. Response: {res}")
Exception: Failed to create slide 1. Response: {'error': {'message': 'Only photo or video can be accepted as media type.', 'type': 'OAuthException', 'code': 9004, 'error_subcode': 2207052, 'is_transient': False, 'error_user_title': "Media download has failed. The media URI doesn't meet our requirements.", 'error_user_msg': 'The media could not be fetched from this URI: https://i.ibb.co/s9vDWGFV/KUL-COK-cover.jpg.Please check the limitations section in our development document for more information: https://developers.facebook.com/docs/instagram-platform/instagram-graph-api/reference/ig-user/media#creating', 'fbtrace_id': 'ANM2XREE0UYkR6ik-T2dNsL'}}
/home/saishivas1996/thinkatrip-gcp/venv/lib/python3.10/site-packages/google/api_core/_python_version_support.py:255: FutureWarning: You are using a Python version (3.10.12) which Google will stop supporting in new releases of google.api_core once it reaches its end of life (2026-10-04). Please upgrade to the latest Python version, or at least Python 3.11, to continue receiving updates for google.api_core past that date.
  warnings.warn(message, FutureWarning)
2026-08-14 21:30:02,497 - ThinkatripSystem - INFO - 💾 PostgreSQL database connected and tables initialized.
2026-08-14 21:30:02,497 - ThinkatripSystem - INFO - ⏰ Travel Content System awake. Processing automated publication queue...
2026-08-14 21:30:02,521 - ThinkatripSystem - INFO - 🎨 Generating 3-Slide Carousel for Hong Kong...
2026-08-14 21:30:03,729 - ThinkatripSystem - INFO - ☁️ Successfully backed up HKG_HYD_cover.jpg to GCP Bucket!
2026-08-14 21:30:06,447 - ThinkatripSystem - INFO - ☁️ Successfully backed up HKG_HYD_itin.jpg to GCP Bucket!
2026-08-14 21:30:08,873 - ThinkatripSystem - INFO - ☁️ Successfully backed up HKG_HYD_highlights.jpg to GCP Bucket!
2026-08-14 21:30:10,176 - ThinkatripSystem - INFO - 🔗 Public URLs generated successfully.
2026-08-14 21:30:51,021 - ThinkatripSystem - INFO - 📝 Recorded flight AI706 into PostgreSQL lookup registry.
2026-08-14 21:30:51,022 - ThinkatripSystem - INFO - 🚀 Success! Instagram Carousel live on feed. Object ID: 18101256064969270
2026-08-14 21:30:51,022 - ThinkatripSystem - INFO - 💤 Publication execution cycle finished.
Uploading 3-Slide Carousel to Instagram... 📸
Creating Carousel Slide 1 container...
Waiting for media container 18096702521636153 to be ready...
Creating Carousel Slide 2 container...
Waiting for media container 18096702545636153 to be ready...
Creating Carousel Slide 3 container...
Waiting for media container 18096702569636153 to be ready...
Packaging Carousel...
Waiting for media container 18096702596636153 to be ready...
Publishing to Instagram Feed...
Successfully posted Carousel to Instagram Feed! ✅ Post ID: 18101256064969270
/home/saishivas1996/thinkatrip-gcp/venv/lib/python3.10/site-packages/google/api_core/_python_version_support.py:255: FutureWarning: You are using a Python version (3.10.12) which Google will stop supporting in new releases of google.api_core once it reaches its end of life (2026-10-04). Please upgrade to the latest Python version, or at least Python 3.11, to continue receiving updates for google.api_core past that date.
  warnings.warn(message, FutureWarning)
2026-08-15 08:30:02,069 - ThinkatripSystem - INFO - 💾 PostgreSQL database connected and tables initialized.
2026-08-15 08:30:02,069 - ThinkatripSystem - INFO - ⏰ Travel Content System awake. Processing automated publication queue...
2026-08-15 08:30:02,097 - ThinkatripSystem - INFO - 🎨 Generating 3-Slide Carousel for Kathmandu...
2026-08-15 08:30:03,567 - ThinkatripSystem - INFO - ☁️ Successfully backed up KTM_HYD_cover.jpg to GCP Bucket!
2026-08-15 08:30:05,919 - ThinkatripSystem - INFO - ☁️ Successfully backed up KTM_HYD_itin.jpg to GCP Bucket!
2026-08-15 08:30:07,919 - ThinkatripSystem - INFO - ☁️ Successfully backed up KTM_HYD_highlights.jpg to GCP Bucket!
2026-08-15 08:30:09,002 - ThinkatripSystem - INFO - 🔗 Public URLs generated successfully.
2026-08-15 08:30:29,826 - ThinkatripSystem - INFO - 📝 Recorded flight AI463 into PostgreSQL lookup registry.
2026-08-15 08:30:29,827 - ThinkatripSystem - INFO - 🚀 Success! Instagram Carousel live on feed. Object ID: 18109436426045287
2026-08-15 08:30:29,827 - ThinkatripSystem - INFO - 💤 Publication execution cycle finished.
Uploading 3-Slide Carousel to Instagram... 📸
Creating Carousel Slide 1 container...
Waiting for media container 18096788999636153 to be ready...
Creating Carousel Slide 2 container...
Waiting for media container 18096789017636153 to be ready...
Creating Carousel Slide 3 container...
Waiting for media container 18096789065636153 to be ready...
Packaging Carousel...
Waiting for media container 18096789086636153 to be ready...
Publishing to Instagram Feed...
Successfully posted Carousel to Instagram Feed! ✅ Post ID: 18109436426045287
/home/saishivas1996/thinkatrip-gcp/venv/lib/python3.10/site-packages/google/api_core/_python_version_support.py:255: FutureWarning: You are using a Python version (3.10.12) which Google will stop supporting in new releases of google.api_core once it reaches its end of life (2026-10-04). Please upgrade to the latest Python version, or at least Python 3.11, to continue receiving updates for google.api_core past that date.
  warnings.warn(message, FutureWarning)
2026-08-15 13:15:02,539 - ThinkatripSystem - INFO - 💾 PostgreSQL database connected and tables initialized.
2026-08-15 13:15:02,540 - ThinkatripSystem - INFO - ⏰ Travel Content System awake. Processing automated publication queue...
2026-08-15 13:15:02,563 - ThinkatripSystem - INFO - 🎨 Generating 3-Slide Carousel for Istanbul...
2026-08-15 13:15:04,066 - ThinkatripSystem - INFO - ☁️ Successfully backed up IST_CCU_cover.jpg to GCP Bucket!
2026-08-15 13:15:06,359 - ThinkatripSystem - INFO - ☁️ Successfully backed up IST_CCU_itin.jpg to GCP Bucket!
2026-08-15 13:15:08,533 - ThinkatripSystem - INFO - ☁️ Successfully backed up IST_CCU_highlights.jpg to GCP Bucket!
2026-08-15 13:15:09,643 - ThinkatripSystem - INFO - 🔗 Public URLs generated successfully.
2026-08-15 13:15:32,918 - ThinkatripSystem - INFO - 📝 Recorded flight AI244 into PostgreSQL lookup registry.
2026-08-15 13:15:32,919 - ThinkatripSystem - INFO - 🚀 Success! Instagram Carousel live on feed. Object ID: 18087557336445226
2026-08-15 13:15:32,919 - ThinkatripSystem - INFO - 💤 Publication execution cycle finished.
Uploading 3-Slide Carousel to Instagram... 📸
Creating Carousel Slide 1 container...
Waiting for media container 18096820844636153 to be ready...
Creating Carousel Slide 2 container...
Waiting for media container 18096820865636153 to be ready...
Creating Carousel Slide 3 container...
Waiting for media container 18096820886636153 to be ready...
Packaging Carousel...
Waiting for media container 18096820907636153 to be ready...
Publishing to Instagram Feed...
Successfully posted Carousel to Instagram Feed! ✅ Post ID: 18087557336445226
/home/saishivas1996/thinkatrip-gcp/venv/lib/python3.10/site-packages/google/api_core/_python_version_support.py:255: FutureWarning: You are using a Python version (3.10.12) which Google will stop supporting in new releases of google.api_core once it reaches its end of life (2026-10-04). Please upgrade to the latest Python version, or at least Python 3.11, to continue receiving updates for google.api_core past that date.
  warnings.warn(message, FutureWarning)
2026-08-15 18:30:02,485 - ThinkatripSystem - INFO - 💾 PostgreSQL database connected and tables initialized.
2026-08-15 18:30:02,485 - ThinkatripSystem - INFO - ⏰ Travel Content System awake. Processing automated publication queue...
2026-08-15 18:30:02,513 - ThinkatripSystem - INFO - 🎨 Generating 3-Slide Carousel for Kathmandu...
2026-08-15 18:30:03,595 - ThinkatripSystem - INFO - ☁️ Successfully backed up KTM_BLR_cover.jpg to GCP Bucket!
2026-08-15 18:30:05,386 - ThinkatripSystem - INFO - ☁️ Successfully backed up KTM_BLR_itin.jpg to GCP Bucket!
2026-08-15 18:30:06,762 - ThinkatripSystem - INFO - ☁️ Successfully backed up KTM_BLR_highlights.jpg to GCP Bucket!
2026-08-15 18:30:07,651 - ThinkatripSystem - INFO - 🔗 Public URLs generated successfully.
2026-08-15 18:30:54,383 - ThinkatripSystem - INFO - 📝 Recorded flight AI484 into PostgreSQL lookup registry.
2026-08-15 18:30:54,383 - ThinkatripSystem - INFO - 🚀 Success! Instagram Carousel live on feed. Object ID: 18091699031411807
2026-08-15 18:30:54,383 - ThinkatripSystem - INFO - 💤 Publication execution cycle finished.
Uploading 3-Slide Carousel to Instagram... 📸
Creating Carousel Slide 1 container...
Waiting for media container 18096866450636153 to be ready...
Creating Carousel Slide 2 container...
Waiting for media container 18096866498636153 to be ready...
Creating Carousel Slide 3 container...
Waiting for media container 18096866522636153 to be ready...
Packaging Carousel...
Waiting for media container 18096866543636153 to be ready...
Publishing to Instagram Feed...
Successfully posted Carousel to Instagram Feed! ✅ Post ID: 18091699031411807
/home/saishivas1996/thinkatrip-gcp/venv/lib/python3.10/site-packages/google/api_core/_python_version_support.py:255: FutureWarning: You are using a Python version (3.10.12) which Google will stop supporting in new releases of google.api_core once it reaches its end of life (2026-10-04). Please upgrade to the latest Python version, or at least Python 3.11, to continue receiving updates for google.api_core past that date.
  warnings.warn(message, FutureWarning)
2026-08-15 21:30:02,679 - ThinkatripSystem - INFO - 💾 PostgreSQL database connected and tables initialized.
2026-08-15 21:30:02,679 - ThinkatripSystem - INFO - ⏰ Travel Content System awake. Processing automated publication queue...
2026-08-15 21:30:02,702 - ThinkatripSystem - INFO - 🎨 Generating 3-Slide Carousel for Paris...
2026-08-15 21:30:04,162 - ThinkatripSystem - INFO - ☁️ Successfully backed up PAR_GOI_cover.jpg to GCP Bucket!
2026-08-15 21:30:06,266 - ThinkatripSystem - INFO - ☁️ Successfully backed up PAR_GOI_itin.jpg to GCP Bucket!
2026-08-15 21:30:08,663 - ThinkatripSystem - INFO - ☁️ Successfully backed up PAR_GOI_highlights.jpg to GCP Bucket!
2026-08-15 21:30:09,954 - ThinkatripSystem - INFO - 🔗 Public URLs generated successfully.
2026-08-15 21:30:57,167 - ThinkatripSystem - INFO - 📝 Recorded flight EM929 into PostgreSQL lookup registry.
2026-08-15 21:30:57,168 - ThinkatripSystem - INFO - 🚀 Success! Instagram Carousel live on feed. Object ID: 18039099527818362
2026-08-15 21:30:57,168 - ThinkatripSystem - INFO - 💤 Publication execution cycle finished.
Uploading 3-Slide Carousel to Instagram... 📸
Creating Carousel Slide 1 container...
Waiting for media container 18096885572636153 to be ready...
Creating Carousel Slide 2 container...
Waiting for media container 18096885596636153 to be ready...
Creating Carousel Slide 3 container...
Waiting for media container 18096885614636153 to be ready...
Packaging Carousel...
Waiting for media container 18096885638636153 to be ready...
Publishing to Instagram Feed...
Successfully posted Carousel to Instagram Feed! ✅ Post ID: 18039099527818362
/home/saishivas1996/thinkatrip-gcp/venv/lib/python3.10/site-packages/google/api_core/_python_version_support.py:255: FutureWarning: You are using a Python version (3.10.12) which Google will stop supporting in new releases of google.api_core once it reaches its end of life (2026-10-04). Please upgrade to the latest Python version, or at least Python 3.11, to continue receiving updates for google.api_core past that date.
  warnings.warn(message, FutureWarning)
2026-08-16 08:30:03,039 - ThinkatripSystem - INFO - 💾 PostgreSQL database connected and tables initialized.
2026-08-16 08:30:03,039 - ThinkatripSystem - INFO - ⏰ Travel Content System awake. Processing automated publication queue...
2026-08-16 08:30:03,070 - ThinkatripSystem - INFO - 🎨 Generating 3-Slide Carousel for Manila...
2026-08-16 08:30:04,142 - ThinkatripSystem - INFO - ☁️ Successfully backed up MNL_BOM_cover.jpg to GCP Bucket!
2026-08-16 08:30:06,255 - ThinkatripSystem - INFO - ☁️ Successfully backed up MNL_BOM_itin.jpg to GCP Bucket!
2026-08-16 08:30:08,178 - ThinkatripSystem - INFO - ☁️ Successfully backed up MNL_BOM_highlights.jpg to GCP Bucket!
2026-08-16 08:30:09,147 - ThinkatripSystem - INFO - 🔗 Public URLs generated successfully.
2026-08-16 08:30:44,042 - ThinkatripSystem - INFO - 📝 Recorded flight IN107 into PostgreSQL lookup registry.
2026-08-16 08:30:44,043 - ThinkatripSystem - INFO - 🚀 Success! Instagram Carousel live on feed. Object ID: 17939016126300902
2026-08-16 08:30:44,043 - ThinkatripSystem - INFO - 💤 Publication execution cycle finished.
Uploading 3-Slide Carousel to Instagram... 📸
Creating Carousel Slide 1 container...
Waiting for media container 18096953132636153 to be ready...
Creating Carousel Slide 2 container...
Waiting for media container 18096953153636153 to be ready...
Creating Carousel Slide 3 container...
Waiting for media container 18096953171636153 to be ready...
Packaging Carousel...
Waiting for media container 18096953192636153 to be ready...
Publishing to Instagram Feed...
Successfully posted Carousel to Instagram Feed! ✅ Post ID: 17939016126300902
/home/saishivas1996/thinkatrip-gcp/venv/lib/python3.10/site-packages/google/api_core/_python_version_support.py:255: FutureWarning: You are using a Python version (3.10.12) which Google will stop supporting in new releases of google.api_core once it reaches its end of life (2026-10-04). Please upgrade to the latest Python version, or at least Python 3.11, to continue receiving updates for google.api_core past that date.
  warnings.warn(message, FutureWarning)
2026-08-16 13:15:02,642 - ThinkatripSystem - INFO - 💾 PostgreSQL database connected and tables initialized.
2026-08-16 13:15:02,642 - ThinkatripSystem - INFO - ⏰ Travel Content System awake. Processing automated publication queue...
2026-08-16 13:15:02,674 - ThinkatripSystem - INFO - 🎨 Generating 3-Slide Carousel for Abu Dhabi...
2026-08-16 13:15:04,037 - ThinkatripSystem - INFO - ☁️ Successfully backed up AUH_COK_cover.jpg to GCP Bucket!
2026-08-16 13:15:06,293 - ThinkatripSystem - INFO - ☁️ Successfully backed up AUH_COK_itin.jpg to GCP Bucket!
2026-08-16 13:15:08,601 - ThinkatripSystem - INFO - ☁️ Successfully backed up AUH_COK_highlights.jpg to GCP Bucket!
2026-08-16 13:15:09,843 - ThinkatripSystem - INFO - 🔗 Public URLs generated successfully.
2026-08-16 13:15:32,697 - ThinkatripSystem - INFO - 📝 Recorded flight SI204 into PostgreSQL lookup registry.
2026-08-16 13:15:32,697 - ThinkatripSystem - INFO - 🚀 Success! Instagram Carousel live on feed. Object ID: 17922584718186649
2026-08-16 13:15:32,697 - ThinkatripSystem - INFO - 💤 Publication execution cycle finished.
Uploading 3-Slide Carousel to Instagram... 📸
Creating Carousel Slide 1 container...
Waiting for media container 18096983828636153 to be ready...
Creating Carousel Slide 2 container...
Waiting for media container 18096983855636153 to be ready...
Creating Carousel Slide 3 container...
Waiting for media container 18096983951636153 to be ready...
Packaging Carousel...
Waiting for media container 18096983975636153 to be ready...
Publishing to Instagram Feed...
Successfully posted Carousel to Instagram Feed! ✅ Post ID: 17922584718186649
/home/saishivas1996/thinkatrip-gcp/venv/lib/python3.10/site-packages/google/api_core/_python_version_support.py:255: FutureWarning: You are using a Python version (3.10.12) which Google will stop supporting in new releases of google.api_core once it reaches its end of life (2026-10-04). Please upgrade to the latest Python version, or at least Python 3.11, to continue receiving updates for google.api_core past that date.
  warnings.warn(message, FutureWarning)
2026-08-16 18:30:02,354 - ThinkatripSystem - INFO - 💾 PostgreSQL database connected and tables initialized.
2026-08-16 18:30:02,354 - ThinkatripSystem - INFO - ⏰ Travel Content System awake. Processing automated publication queue...
2026-08-16 18:30:02,386 - ThinkatripSystem - INFO - 🎨 Generating 3-Slide Carousel for Bhairahawa / Lumbini...
2026-08-16 18:30:03,803 - ThinkatripSystem - INFO - ☁️ Successfully backed up BWA_BLR_cover.jpg to GCP Bucket!
2026-08-16 18:30:06,710 - ThinkatripSystem - INFO - ☁️ Successfully backed up BWA_BLR_itin.jpg to GCP Bucket!
2026-08-16 18:30:10,038 - ThinkatripSystem - INFO - ☁️ Successfully backed up BWA_BLR_highlights.jpg to GCP Bucket!
2026-08-16 18:30:11,616 - ThinkatripSystem - INFO - 🔗 Public URLs generated successfully.
2026-08-16 18:31:02,657 - ThinkatripSystem - INFO - 📝 Recorded flight TH452 into PostgreSQL lookup registry.
2026-08-16 18:31:02,657 - ThinkatripSystem - INFO - 🚀 Success! Instagram Carousel live on feed. Object ID: 18086106962291579
2026-08-16 18:31:02,658 - ThinkatripSystem - INFO - 💤 Publication execution cycle finished.
Uploading 3-Slide Carousel to Instagram... 📸
Creating Carousel Slide 1 container...
Waiting for media container 18097030409636153 to be ready...
Creating Carousel Slide 2 container...
Waiting for media container 18097030439636153 to be ready...
Creating Carousel Slide 3 container...
Waiting for media container 18097030466636153 to be ready...
Packaging Carousel...
Waiting for media container 18097030487636153 to be ready...
Publishing to Instagram Feed...
Successfully posted Carousel to Instagram Feed! ✅ Post ID: 18086106962291579
/home/saishivas1996/thinkatrip-gcp/venv/lib/python3.10/site-packages/google/api_core/_python_version_support.py:255: FutureWarning: You are using a Python version (3.10.12) which Google will stop supporting in new releases of google.api_core once it reaches its end of life (2026-10-04). Please upgrade to the latest Python version, or at least Python 3.11, to continue receiving updates for google.api_core past that date.
  warnings.warn(message, FutureWarning)
2026-08-16 21:30:02,096 - ThinkatripSystem - INFO - 💾 PostgreSQL database connected and tables initialized.
2026-08-16 21:30:02,096 - ThinkatripSystem - INFO - ⏰ Travel Content System awake. Processing automated publication queue...
2026-08-16 21:30:02,132 - ThinkatripSystem - INFO - 🎨 Generating 3-Slide Carousel for London...
2026-08-16 21:30:03,458 - ThinkatripSystem - INFO - ☁️ Successfully backed up LON_BOM_cover.jpg to GCP Bucket!
2026-08-16 21:30:05,815 - ThinkatripSystem - INFO - ☁️ Successfully backed up LON_BOM_itin.jpg to GCP Bucket!
2026-08-16 21:30:08,099 - ThinkatripSystem - INFO - ☁️ Successfully backed up LON_BOM_highlights.jpg to GCP Bucket!
2026-08-16 21:30:09,394 - ThinkatripSystem - INFO - 🔗 Public URLs generated successfully.
2026-08-16 21:30:18,507 - ThinkatripSystem - ERROR - ❌ A critical error occurred in the workflow: Failed to create slide 1. Response: {'error': {'message': 'Only photo or video can be accepted as media type.', 'type': 'OAuthException', 'code': 9004, 'error_subcode': 2207052, 'is_transient': False, 'error_user_title': "Media download has failed. The media URI doesn't meet our requirements.", 'error_user_msg': 'The media could not be fetched from this URI: https://i.ibb.co/wNWYN7cp/LON-BOM-cover.jpg.Please check the limitations section in our development document for more information: https://developers.facebook.com/docs/instagram-platform/instagram-graph-api/reference/ig-user/media#creating', 'fbtrace_id': 'AveISOcVcb-UHa92av6Mb-H'}}
Uploading 3-Slide Carousel to Instagram... 📸
Creating Carousel Slide 1 container...
❌ Instagram API Error: Failed to create slide 1. Response: {'error': {'message': 'Only photo or video can be accepted as media type.', 'type': 'OAuthException', 'code': 9004, 'error_subcode': 2207052, 'is_transient': False, 'error_user_title': "Media download has failed. The media URI doesn't meet our requirements.", 'error_user_msg': 'The media could not be fetched from this URI: https://i.ibb.co/wNWYN7cp/LON-BOM-cover.jpg.Please check the limitations section in our development document for more information: https://developers.facebook.com/docs/instagram-platform/instagram-graph-api/reference/ig-user/media#creating', 'fbtrace_id': 'AveISOcVcb-UHa92av6Mb-H'}}
Traceback (most recent call last):
  File "/home/saishivas1996/thinkatrip-gcp/agent_main.py", line 583, in <module>
    asyncio.run(main())
  File "/usr/lib/python3.10/asyncio/runners.py", line 44, in run
    return loop.run_until_complete(main)
  File "/usr/lib/python3.10/asyncio/base_events.py", line 649, in run_until_complete
    return future.result()
  File "/home/saishivas1996/thinkatrip-gcp/agent_main.py", line 580, in main
    await execute_daily_agent_run()
  File "/home/saishivas1996/thinkatrip-gcp/agent_main.py", line 573, in execute_daily_agent_run
    raise e
  File "/home/saishivas1996/thinkatrip-gcp/agent_main.py", line 569, in execute_daily_agent_run
    result_message = generate_and_post_to_instagram(deal_json_string)
  File "/home/saishivas1996/thinkatrip-gcp/agent_main.py", line 557, in generate_and_post_to_instagram
    post_id = poster.post_carousel(deal=deal, itinerary=itinerary, image_urls=[deal_url, itin_url, highlights_url])
  File "/home/saishivas1996/thinkatrip-gcp/agent_main.py", line 526, in post_carousel
    raise e
  File "/home/saishivas1996/thinkatrip-gcp/agent_main.py", line 501, in post_carousel
    if not container_id: raise Exception(f"Failed to create slide {i+1}. Response: {res}")
Exception: Failed to create slide 1. Response: {'error': {'message': 'Only photo or video can be accepted as media type.', 'type': 'OAuthException', 'code': 9004, 'error_subcode': 2207052, 'is_transient': False, 'error_user_title': "Media download has failed. The media URI doesn't meet our requirements.", 'error_user_msg': 'The media could not be fetched from this URI: https://i.ibb.co/wNWYN7cp/LON-BOM-cover.jpg.Please check the limitations section in our development document for more information: https://developers.facebook.com/docs/instagram-platform/instagram-graph-api/reference/ig-user/media#creating', 'fbtrace_id': 'AveISOcVcb-UHa92av6Mb-H'}}
